sku,name,old_url,old_slug,http_status,observed_canonical,canonical_status,existing_redirect_status,migration_status,new_slug,new_url,collision_status
00000000024,"Doctor Wax DW8287 0.3 л",https://autohimiki.kz/product/onec-a81adf64-75f6-4b49-8ce3-097d7ee09346,onec-a81adf64-75f6-4b49-8ce3-097d7ee09346,200,https://autohimiki.kz/product/onec-a81adf64-75f6-4b49-8ce3-097d7ee09346,"public_self_canonical; stored_value_unknown","old_URL_200_no_redirect; history_DB_unknown","PROPOSED_ONLY; requires_authoritative_DB_dry_run",doctor-wax-dw8287-03-l,https://autohimiki.kz/product/doctor-wax-dw8287-03-l,"public_set:none; drafts/history_UNKNOWN"
00000000128,"Hi-Gear HG2231  Стоп-течь для двигателя (350мл.)",https://autohimiki.kz/product/onec-1e38693b-86f7-4c6d-b0d8-073904365f90,onec-1e38693b-86f7-4c6d-b0d8-073904365f90,200,https://autohimiki.kz/product/onec-1e38693b-86f7-4c6d-b0d8-073904365f90,"public_self_canonical; stored_value_unknown","old_URL_200_no_redirect; history_DB_unknown","PROPOSED_ONLY; requires_authoritative_DB_dry_run",hi-gear-hg2231-stop-tec-dlia-dvigatelia-350ml,https://autohimiki.kz/product/hi-gear-hg2231-stop-tec-dlia-dvigatelia-350ml,"public_set:none; drafts/history_UNKNOWN"
00000000251,"ВМП  1413 Смазка MC1520 RUBIN. Многоцелевая универсальная водостойкая пластичная 200 мл. туба.",https://autohimiki.kz/product/onec-30162cc4-c7ae-4318-af22-131b2f86ee81,onec-30162cc4-c7ae-4318-af22-131b2f86ee81,200,https://autohimiki.kz/product/onec-30162cc4-c7ae-4318-af22-131b2f86ee81,"public_self_canonical; stored_value_unknown","old_URL_200_no_redirect; history_DB_unknown","PROPOSED_ONLY; requires_authoritative_DB_dry_run",vmp-1413-smazka-mc1520-rubin-mnogocelevaia-universalnaia-vodostoikaia-plasticnaia-200-ml-tuba,https://autohimiki.kz/product/vmp-1413-smazka-mc1520-rubin-mnogocelevaia-universalnaia-vodostoikaia-plasticnaia-200-ml-tuba,"public_set:none; drafts/history_UNKNOWN"
00000000257,"Cleanco Cleanplastic 0.5 л",https://autohimiki.kz/product/onec-ef5d6804-714d-453f-91e0-fc7445ff4d32,onec-ef5d6804-714d-453f-91e0-fc7445ff4d32,200,https://autohimiki.kz/product/onec-ef5d6804-714d-453f-91e0-fc7445ff4d32,"public_self_canonical; stored_value_unknown","old_URL_200_no_redirect; history_DB_unknown","PROPOSED_ONLY; requires_authoritative_DB_dry_run",cleanco-cleanplastic-05-l,https://autohimiki.kz/product/cleanco-cleanplastic-05-l,"public_set:none; drafts/history_UNKNOWN"
00000000649,"Очиститель шин автомобиля Fast and Black spray 500 ML",https://autohimiki.kz/product/onec-6ab46ee6-f798-40b1-9231-64c27ee158aa,onec-6ab46ee6-f798-40b1-9231-64c27ee158aa,200,https://autohimiki.kz/product/onec-6ab46ee6-f798-40b1-9231-64c27ee158aa,"public_self_canonical; stored_value_unknown","old_URL_200_no_redirect; history_DB_unknown","PROPOSED_ONLY; requires_authoritative_DB_dry_run",ocistitel-sin-avtomobilia-fast-and-black-spray-500-ml,https://autohimiki.kz/product/ocistitel-sin-avtomobilia-fast-and-black-spray-500-ml,"public_set:none; drafts/history_UNKNOWN"
00000000659,"P1101 Fuel Line Cleaner (FLC) 375 ml Очистка топливной системы, присадка в топливо",https://autohimiki.kz/product/onec-1932746e-26e1-4958-ab92-9ee9f89568c4,onec-1932746e-26e1-4958-ab92-9ee9f89568c4,200,https://autohimiki.kz/product/onec-1932746e-26e1-4958-ab92-9ee9f89568c4,"public_self_canonical; stored_value_unknown","old_URL_200_no_redirect; history_DB_unknown","PROPOSED_ONLY; requires_authoritative_DB_dry_run",p1101-fuel-line-cleaner-flc-375-ml-ocistka-toplivnoi-sistemy-prisadka-v-toplivo,https://autohimiki.kz/product/p1101-fuel-line-cleaner-flc-375-ml-ocistka-toplivnoi-sistemy-prisadka-v-toplivo,"public_set:none; drafts/history_UNKNOWN"
00000000663,"P2041 Power Steering Cleaner 100 ml Очиститель системы гура перед заменой масла",https://autohimiki.kz/product/onec-39546f7f-4a6e-4421-9112-90fa889c9f9d,onec-39546f7f-4a6e-4421-9112-90fa889c9f9d,200,https://autohimiki.kz/product/onec-39546f7f-4a6e-4421-9112-90fa889c9f9d,"public_self_canonical; stored_value_unknown","old_URL_200_no_redirect; history_DB_unknown","PROPOSED_ONLY; requires_authoritative_DB_dry_run",p2041-power-steering-cleaner-100-ml-ocistitel-sistemy-gura-pered-zamenoi-masla,https://autohimiki.kz/product/p2041-power-steering-cleaner-100-ml-ocistitel-sistemy-gura-pered-zamenoi-masla,"public_set:none; drafts/history_UNKNOWN"
00000000664,"EIKOSHA A25 XU Bvlgari Parfume (Bvlgari Pour Homme от Bvlgari) 4970301590257",https://autohimiki.kz/product/onec-3e7806de-557c-4333-bf7f-c3f83b38b3de,onec-3e7806de-557c-4333-bf7f-c3f83b38b3de,200,https://autohimiki.kz/product/onec-3e7806de-557c-4333-bf7f-c3f83b38b3de,"public_self_canonical; stored_value_unknown","old_URL_200_no_redirect; history_DB_unknown","PROPOSED_ONLY; requires_authoritative_DB_dry_run",eikosha-a25-xu-bvlgari-parfume-bvlgari-pour-homme-ot-bvlgari-4970301590257,https://autohimiki.kz/product/eikosha-a25-xu-bvlgari-parfume-bvlgari-pour-homme-ot-bvlgari-4970301590257,"public_set:none; drafts/history_UNKNOWN"
00000000666,"EIKOSHA A24  Clear Squash 4970301590240",https://autohimiki.kz/product/onec-b73b85ee-1e86-4ed1-a0ac-1ac9b6a67197,onec-b73b85ee-1e86-4ed1-a0ac-1ac9b6a67197,200,https://autohimiki.kz/product/onec-b73b85ee-1e86-4ed1-a0ac-1ac9b6a67197,"public_self_canonical; stored_value_unknown","old_URL_200_no_redirect; history_DB_unknown","PROPOSED_ONLY; requires_authoritative_DB_dry_run",eikosha-a24-clear-squash-4970301590240,https://autohimiki.kz/product/eikosha-a24-clear-squash-4970301590240,"public_set:none; drafts/history_UNKNOWN"
00000000667,"EIKOSHA A73 Dry Squash 4970301590738",https://autohimiki.kz/product/onec-5cba13f4-a988-4e24-a405-07f99a67819c,onec-5cba13f4-a988-4e24-a405-07f99a67819c,200,https://autohimiki.kz/product/onec-5cba13f4-a988-4e24-a405-07f99a67819c,"public_self_canonical; stored_value_unknown","old_URL_200_no_redirect; history_DB_unknown","PROPOSED_ONLY; requires_authoritative_DB_dry_run",eikosha-a73-dry-squash-4970301590738,https://autohimiki.kz/product/eikosha-a73-dry-squash-4970301590738,"public_set:none; drafts/history_UNKNOWN"
00000000681,"TURTLE WAX INTERIOR WITCH BRUSH ОЧИСТИТЕЛЬ ОБИВКИ С ВСТРОЕННОЙ ЩЕТКОЙ 400мл (химчистка)",https://autohimiki.kz/product/onec-aa81ca97-afa1-4867-b40e-91f55cb418d8,onec-aa81ca97-afa1-4867-b40e-91f55cb418d8,200,https://autohimiki.kz/product/onec-aa81ca97-afa1-4867-b40e-91f55cb418d8,"public_self_canonical; stored_value_unknown","old_URL_200_no_redirect; history_DB_unknown","PROPOSED_ONLY; requires_authoritative_DB_dry_run",turtle-wax-interior-witch-brush-ocistitel-obivki-s-vstroennoi-shhetkoi-400ml-ximcistka,https://autohimiki.kz/product/turtle-wax-interior-witch-brush-ocistitel-obivki-s-vstroennoi-shhetkoi-400ml-ximcistka,"public_set:none; drafts/history_UNKNOWN"
00000000682,"TURTLE WAX INTERIOR СУХАЯ ХИМЧИСТКА ОБИВКИ С НЕЙТРАЛИЗАТОРОМ ЗАПАХА 500мл",https://autohimiki.kz/product/onec-0dd96cf0-a23a-42c8-b6bf-a34a03fb7b11,onec-0dd96cf0-a23a-42c8-b6bf-a34a03fb7b11,200,https://autohimiki.kz/product/onec-0dd96cf0-a23a-42c8-b6bf-a34a03fb7b11,"public_self_canonical; stored_value_unknown","old_URL_200_no_redirect; history_DB_unknown","PROPOSED_ONLY; requires_authoritative_DB_dry_run",turtle-wax-interior-suxaia-ximcistka-obivki-s-neitralizatorom-zapaxa-500ml,https://autohimiki.kz/product/turtle-wax-interior-suxaia-ximcistka-obivki-s-neitralizatorom-zapaxa-500ml,"public_set:none; drafts/history_UNKNOWN"
00000000695,"LAVR очиститель для текстильной обивки LN1451 0.65 л",https://autohimiki.kz/product/onec-16231807-20ab-4b5b-93e1-065dd28cda55,onec-16231807-20ab-4b5b-93e1-065dd28cda55,200,https://autohimiki.kz/product/onec-16231807-20ab-4b5b-93e1-065dd28cda55,"public_self_canonical; stored_value_unknown","old_URL_200_no_redirect; history_DB_unknown","PROPOSED_ONLY; requires_authoritative_DB_dry_run",lavr-ocistitel-dlia-tekstilnoi-obivki-ln1451-065-l,https://autohimiki.kz/product/lavr-ocistitel-dlia-tekstilnoi-obivki-ln1451-065-l,"public_set:none; drafts/history_UNKNOWN"
00000000701,"EIKOSHA A37 Samurai Man Самурай 4970301590370",https://autohimiki.kz/product/onec-e2b7694d-2db5-464a-b1a8-a5f51559ea00,onec-e2b7694d-2db5-464a-b1a8-a5f51559ea00,200,https://autohimiki.kz/product/onec-e2b7694d-2db5-464a-b1a8-a5f51559ea00,"public_self_canonical; stored_value_unknown","old_URL_200_no_redirect; history_DB_unknown","PROPOSED_ONLY; requires_authoritative_DB_dry_run",eikosha-a37-samurai-man-samurai-4970301590370,https://autohimiki.kz/product/eikosha-a37-samurai-man-samurai-4970301590370,"public_set:none; drafts/history_UNKNOWN"
00000000702,"EIKOSHA R143 CANTULE пластмассовый держатель на дефлектор",https://autohimiki.kz/product/onec-3a7b9a04-493d-404f-8ccf-938fc4d7d75f,onec-3a7b9a04-493d-404f-8ccf-938fc4d7d75f,200,https://autohimiki.kz/product/onec-3a7b9a04-493d-404f-8ccf-938fc4d7d75f,"public_self_canonical; stored_value_unknown","old_URL_200_no_redirect; history_DB_unknown","PROPOSED_ONLY; requires_authoritative_DB_dry_run",eikosha-r143-cantule-plastmassovyi-derzatel-na-deflektor,https://autohimiki.kz/product/eikosha-r143-cantule-plastmassovyi-derzatel-na-deflektor,"public_set:none; drafts/history_UNKNOWN"
БК000000004,"Твердая смазочная композиция МС 2020, 20г флакон",https://autohimiki.kz/product/onec-950dea9d-243e-412d-8035-2c34dab4cdbd,onec-950dea9d-243e-412d-8035-2c34dab4cdbd,200,https://autohimiki.kz/product/onec-950dea9d-243e-412d-8035-2c34dab4cdbd,"public_self_canonical; stored_value_unknown","old_URL_200_no_redirect; history_DB_unknown","PROPOSED_ONLY; requires_authoritative_DB_dry_run",tverdaia-smazocnaia-kompoziciia-ms-2020-20g-flakon,https://autohimiki.kz/product/tverdaia-smazocnaia-kompoziciia-ms-2020-20g-flakon,"public_set:none; drafts/history_UNKNOWN"
БК000000009,"ПОЛИРОЛЬ ПЛАСТИКА ДЛЯ АВТОМОБИЛЯ DIAMANTPLAST FOUR 250 ML",https://autohimiki.kz/product/onec-696914bf-1224-4684-9af3-076c54ce9ffb,onec-696914bf-1224-4684-9af3-076c54ce9ffb,200,https://autohimiki.kz/product/onec-696914bf-1224-4684-9af3-076c54ce9ffb,"public_self_canonical; stored_value_unknown","old_URL_200_no_redirect; history_DB_unknown","PROPOSED_ONLY; requires_authoritative_DB_dry_run",polirol-plastika-dlia-avtomobilia-diamantplast-four-250-ml,https://autohimiki.kz/product/polirol-plastika-dlia-avtomobilia-diamantplast-four-250-ml,"public_set:none; drafts/history_UNKNOWN"
БК000000011,"Микрофибра, тряпка PANNO HEAVY WORK SET",https://autohimiki.kz/product/onec-d7bf091f-0e93-4a39-be81-995c4c088f57,onec-d7bf091f-0e93-4a39-be81-995c4c088f57,200,https://autohimiki.kz/product/onec-d7bf091f-0e93-4a39-be81-995c4c088f57,"public_self_canonical; stored_value_unknown","old_URL_200_no_redirect; history_DB_unknown","PROPOSED_ONLY; requires_authoritative_DB_dry_run",mikrofibra-triapka-panno-heavy-work-set,https://autohimiki.kz/product/mikrofibra-triapka-panno-heavy-work-set,"public_set:none; drafts/history_UNKNOWN"
РТ-00000004,"ОЧИСТИТЕЛЬ САЛОНА АВТОМОБИЛЯ BALTIC FLASH SPRAY 400 ML",https://autohimiki.kz/product/onec-1ef4b4ea-c0f1-4444-ab76-424abde8451d,onec-1ef4b4ea-c0f1-4444-ab76-424abde8451d,200,https://autohimiki.kz/product/onec-1ef4b4ea-c0f1-4444-ab76-424abde8451d,"public_self_canonical; stored_value_unknown","old_URL_200_no_redirect; history_DB_unknown","PROPOSED_ONLY; requires_authoritative_DB_dry_run",ocistitel-salona-avtomobilia-baltic-flash-spray-400-ml,https://autohimiki.kz/product/ocistitel-salona-avtomobilia-baltic-flash-spray-400-ml,"public_set:none; drafts/history_UNKNOWN"
РТ-00000005,"Пенная раскоксовка двигателя COMPLEX LAVR 400 мл Ln2510",https://autohimiki.kz/product/onec-acb7366e-6bf5-45bd-ab4b-e2e341a94c7e,onec-acb7366e-6bf5-45bd-ab4b-e2e341a94c7e,200,https://autohimiki.kz/product/onec-acb7366e-6bf5-45bd-ab4b-e2e341a94c7e,"public_self_canonical; stored_value_unknown","old_URL_200_no_redirect; history_DB_unknown","PROPOSED_ONLY; requires_authoritative_DB_dry_run",pennaia-raskoksovka-dvigatelia-complex-lavr-400-ml-ln2510,https://autohimiki.kz/product/pennaia-raskoksovka-dvigatelia-complex-lavr-400-ml-ln2510,"public_set:none; drafts/history_UNKNOWN"
РТ-00000006,"Пенный очиститель двигателя LAVR /650мл (Полихим Аэро) Ln1530",https://autohimiki.kz/product/onec-368825a0-0a91-4edf-aa1d-eec3a0a5e5e9,onec-368825a0-0a91-4edf-aa1d-eec3a0a5e5e9,200,https://autohimiki.kz/product/onec-368825a0-0a91-4edf-aa1d-eec3a0a5e5e9,"public_self_canonical; stored_value_unknown","old_URL_200_no_redirect; history_DB_unknown","PROPOSED_ONLY; requires_authoritative_DB_dry_run",pennyi-ocistitel-dvigatelia-lavr-650ml-polixim-aero-ln1530,https://autohimiki.kz/product/pennyi-ocistitel-dvigatelia-lavr-650ml-polixim-aero-ln1530,"public_set:none; drafts/history_UNKNOWN"
РТ-00000008,"Реставратор-полироль пластика LAVR Polish & Restore Anti-Scratch Effect/120мл Ln1459-L",https://autohimiki.kz/product/onec-e42a4746-b954-42bd-bb76-355805c610f2,onec-e42a4746-b954-42bd-bb76-355805c610f2,200,https://autohimiki.kz/product/onec-e42a4746-b954-42bd-bb76-355805c610f2,"public_self_canonical; stored_value_unknown","old_URL_200_no_redirect; history_DB_unknown","PROPOSED_ONLY; requires_authoritative_DB_dry_run",restavrator-polirol-plastika-lavr-polish-restore-anti-scratch-effect120ml-ln1459-l,https://autohimiki.kz/product/restavrator-polirol-plastika-lavr-polish-restore-anti-scratch-effect120ml-ln1459-l,"public_set:none; drafts/history_UNKNOWN"
РТ-00000011,"EIKOSHA A55 Tonight Наступающая ночь 4970301590554",https://autohimiki.kz/product/onec-eecfffa4-7c65-47d2-a0d2-1b8a96e383d6,onec-eecfffa4-7c65-47d2-a0d2-1b8a96e383d6,200,https://autohimiki.kz/product/onec-eecfffa4-7c65-47d2-a0d2-1b8a96e383d6,"public_self_canonical; stored_value_unknown","old_URL_200_no_redirect; history_DB_unknown","PROPOSED_ONLY; requires_authoritative_DB_dry_run",eikosha-a55-tonight-nastupaiushhaia-noc-4970301590554,https://autohimiki.kz/product/eikosha-a55-tonight-nastupaiushhaia-noc-4970301590554,"public_set:none; drafts/history_UNKNOWN"
РТ-00000013,"EIKOSHA A11 Apple Яблоко 4970301590127",https://autohimiki.kz/product/onec-1c5ef65a-887e-4e49-b81e-8ac7a795a9a8,onec-1c5ef65a-887e-4e49-b81e-8ac7a795a9a8,200,https://autohimiki.kz/product/onec-1c5ef65a-887e-4e49-b81e-8ac7a795a9a8,"public_self_canonical; stored_value_unknown","old_URL_200_no_redirect; history_DB_unknown","PROPOSED_ONLY; requires_authoritative_DB_dry_run",eikosha-a11-apple-iabloko-4970301590127,https://autohimiki.kz/product/eikosha-a11-apple-iabloko-4970301590127,"public_set:none; drafts/history_UNKNOWN"
РТ-00000014,"EIKOSHA A107 Botanical Shower 4970301591070",https://autohimiki.kz/product/onec-11b33ee6-3641-4c10-8a92-2b1c8a332423,onec-11b33ee6-3641-4c10-8a92-2b1c8a332423,200,https://autohimiki.kz/product/onec-11b33ee6-3641-4c10-8a92-2b1c8a332423,"public_self_canonical; stored_value_unknown","old_URL_200_no_redirect; history_DB_unknown","PROPOSED_ONLY; requires_authoritative_DB_dry_run",eikosha-a107-botanical-shower-4970301591070,https://autohimiki.kz/product/eikosha-a107-botanical-shower-4970301591070,"public_set:none; drafts/history_UNKNOWN"
РТ-00000015,"EIKOSHA A43 Whity Musk Белый мускус 4970301590431",https://autohimiki.kz/product/onec-91a4b63e-2c0c-4afe-a421-2a68da99d2b2,onec-91a4b63e-2c0c-4afe-a421-2a68da99d2b2,200,https://autohimiki.kz/product/onec-91a4b63e-2c0c-4afe-a421-2a68da99d2b2,"public_self_canonical; stored_value_unknown","old_URL_200_no_redirect; history_DB_unknown","PROPOSED_ONLY; requires_authoritative_DB_dry_run",eikosha-a43-whity-musk-belyi-muskus-4970301590431,https://autohimiki.kz/product/eikosha-a43-whity-musk-belyi-muskus-4970301590431,"public_set:none; drafts/history_UNKNOWN"
РТ-00000016,"Idrostop spray (300 мл) Ma*Fra",https://autohimiki.kz/product/onec-859484dc-517e-4665-86c8-a84b9bec2c93,onec-859484dc-517e-4665-86c8-a84b9bec2c93,200,https://autohimiki.kz/product/onec-859484dc-517e-4665-86c8-a84b9bec2c93,"public_self_canonical; stored_value_unknown","old_URL_200_no_redirect; history_DB_unknown","PROPOSED_ONLY; requires_authoritative_DB_dry_run",idrostop-spray-300-ml-mafra,https://autohimiki.kz/product/idrostop-spray-300-ml-mafra,"public_set:none; drafts/history_UNKNOWN"
РТ-00000036,"DT-0155 Твёрдый воск ""Hard Wax""",https://autohimiki.kz/product/onec-2b62f8d2-16fe-480a-a71c-fd475ea1114d,onec-2b62f8d2-16fe-480a-a71c-fd475ea1114d,200,https://autohimiki.kz/product/onec-2b62f8d2-16fe-480a-a71c-fd475ea1114d,"public_self_canonical; stored_value_unknown","old_URL_200_no_redirect; history_DB_unknown","PROPOSED_ONLY; requires_authoritative_DB_dry_run",dt-0155-tverdyi-vosk-hard-wax,https://autohimiki.kz/product/dt-0155-tverdyi-vosk-hard-wax,"public_set:none; drafts/history_UNKNOWN"
РТ-00000040,"Turtle Wax Renew Polish Полироль-Востановитель цвета 500мл",https://autohimiki.kz/product/onec-4a469c8a-3fa5-4bd4-b139-86e683e51e64,onec-4a469c8a-3fa5-4bd4-b139-86e683e51e64,200,https://autohimiki.kz/product/onec-4a469c8a-3fa5-4bd4-b139-86e683e51e64,"public_self_canonical; stored_value_unknown","old_URL_200_no_redirect; history_DB_unknown","PROPOSED_ONLY; requires_authoritative_DB_dry_run",turtle-wax-renew-polish-polirol-vostanovitel-cveta-500ml,https://autohimiki.kz/product/turtle-wax-renew-polish-polirol-vostanovitel-cveta-500ml,"public_set:none; drafts/history_UNKNOWN"
РТ-00000041,"Turtle Wax Original 500мл",https://autohimiki.kz/product/onec-a1f3edde-7363-4192-9f30-436384383795,onec-a1f3edde-7363-4192-9f30-436384383795,200,https://autohimiki.kz/product/onec-a1f3edde-7363-4192-9f30-436384383795,"public_self_canonical; stored_value_unknown","old_URL_200_no_redirect; history_DB_unknown","PROPOSED_ONLY; requires_authoritative_DB_dry_run",turtle-wax-original-500ml,https://autohimiki.kz/product/turtle-wax-original-500ml,"public_set:none; drafts/history_UNKNOWN"
РТ-00000053,"W63850 Wynns Combustion Chamber Cleaner",https://autohimiki.kz/product/onec-94c98b05-e37e-45af-bd60-a01432e3383e,onec-94c98b05-e37e-45af-bd60-a01432e3383e,200,https://autohimiki.kz/product/onec-94c98b05-e37e-45af-bd60-a01432e3383e,"public_self_canonical; stored_value_unknown","old_URL_200_no_redirect; history_DB_unknown","PROPOSED_ONLY; requires_authoritative_DB_dry_run",w63850-wynns-combustion-chamber-cleaner,https://autohimiki.kz/product/w63850-wynns-combustion-chamber-cleaner,"public_set:none; drafts/history_UNKNOWN"
РТ-00000054,"Fenom FN611N раскоксовка",https://autohimiki.kz/product/onec-43619a7b-c061-4212-bc70-eb6de9cf6e6e,onec-43619a7b-c061-4212-bc70-eb6de9cf6e6e,200,https://autohimiki.kz/product/onec-43619a7b-c061-4212-bc70-eb6de9cf6e6e,"public_self_canonical; stored_value_unknown","old_URL_200_no_redirect; history_DB_unknown","PROPOSED_ONLY; requires_authoritative_DB_dry_run",fenom-fn611n-raskoksovka,https://autohimiki.kz/product/fenom-fn611n-raskoksovka,"public_set:none; drafts/history_UNKNOWN"
РТ-00000064,"Cleanco Очиститель двигателя 0,5 л",https://autohimiki.kz/product/onec-4ce39dab-9ae2-4ce4-9a36-f7f63e2cf648,onec-4ce39dab-9ae2-4ce4-9a36-f7f63e2cf648,200,https://autohimiki.kz/product/onec-4ce39dab-9ae2-4ce4-9a36-f7f63e2cf648,"public_self_canonical; stored_value_unknown","old_URL_200_no_redirect; history_DB_unknown","PROPOSED_ONLY; requires_authoritative_DB_dry_run",cleanco-ocistitel-dvigatelia-05-l,https://autohimiki.kz/product/cleanco-ocistitel-dvigatelia-05-l,"public_set:none; drafts/history_UNKNOWN"
РТ-00000065,"DT-0164 Motor Concervant 1л",https://autohimiki.kz/product/onec-6977c4cd-6607-403c-a766-f845d4e1f6c5,onec-6977c4cd-6607-403c-a766-f845d4e1f6c5,200,https://autohimiki.kz/product/onec-6977c4cd-6607-403c-a766-f845d4e1f6c5,"public_self_canonical; stored_value_unknown","old_URL_200_no_redirect; history_DB_unknown","PROPOSED_ONLY; requires_authoritative_DB_dry_run",dt-0164-motor-concervant-1l,https://autohimiki.kz/product/dt-0164-motor-concervant-1l,"public_set:none; drafts/history_UNKNOWN"
РТ-00000068,"DT-0260 Detail Reductant 500мл",https://autohimiki.kz/product/onec-97cc0b35-7b7b-4bb5-9f98-8f8767033e1e,onec-97cc0b35-7b7b-4bb5-9f98-8f8767033e1e,200,https://autohimiki.kz/product/onec-97cc0b35-7b7b-4bb5-9f98-8f8767033e1e,"public_self_canonical; stored_value_unknown","old_URL_200_no_redirect; history_DB_unknown","PROPOSED_ONLY; requires_authoritative_DB_dry_run",dt-0260-detail-reductant-500ml,https://autohimiki.kz/product/dt-0260-detail-reductant-500ml,"public_set:none; drafts/history_UNKNOWN"
РТ-00000085,"Turtle Wax Чернитель шин спрей",https://autohimiki.kz/product/onec-0c1f47af-d604-4933-bd76-4d83221c4f3e,onec-0c1f47af-d604-4933-bd76-4d83221c4f3e,200,https://autohimiki.kz/product/onec-0c1f47af-d604-4933-bd76-4d83221c4f3e,"public_self_canonical; stored_value_unknown","old_URL_200_no_redirect; history_DB_unknown","PROPOSED_ONLY; requires_authoritative_DB_dry_run",turtle-wax-cernitel-sin-sprei,https://autohimiki.kz/product/turtle-wax-cernitel-sin-sprei,"public_set:none; drafts/history_UNKNOWN"
РТ-00000104,"Shine Systems Leather Brush Щетка для чистки кожи",https://autohimiki.kz/product/onec-de0518b2-8275-418c-b7b1-d97df0152cad,onec-de0518b2-8275-418c-b7b1-d97df0152cad,200,https://autohimiki.kz/product/onec-de0518b2-8275-418c-b7b1-d97df0152cad,"public_self_canonical; stored_value_unknown","old_URL_200_no_redirect; history_DB_unknown","PROPOSED_ONLY; requires_authoritative_DB_dry_run",shine-systems-leather-brush-shhetka-dlia-cistki-kozi,https://autohimiki.kz/product/shine-systems-leather-brush-shhetka-dlia-cistki-kozi,"public_set:none; drafts/history_UNKNOWN"
РТ-00000118,"LN1742 Индикатор утечек системы охлаждения",https://autohimiki.kz/product/onec-dffa5351-b0cd-4b92-9fc3-d9050af886a6,onec-dffa5351-b0cd-4b92-9fc3-d9050af886a6,200,https://autohimiki.kz/product/onec-dffa5351-b0cd-4b92-9fc3-d9050af886a6,"public_self_canonical; stored_value_unknown","old_URL_200_no_redirect; history_DB_unknown","PROPOSED_ONLY; requires_authoritative_DB_dry_run",ln1742-indikator-utecek-sistemy-oxlazdeniia,https://autohimiki.kz/product/ln1742-indikator-utecek-sistemy-oxlazdeniia,"public_set:none; drafts/history_UNKNOWN"
РТ-00000295,"Eikosha A74 Lafrancy",https://autohimiki.kz/product/onec-9fe25a9e-818d-47d3-97f2-0c2aacd6b266,onec-9fe25a9e-818d-47d3-97f2-0c2aacd6b266,200,https://autohimiki.kz/product/onec-9fe25a9e-818d-47d3-97f2-0c2aacd6b266,"public_self_canonical; stored_value_unknown","old_URL_200_no_redirect; history_DB_unknown","PROPOSED_ONLY; requires_authoritative_DB_dry_run",eikosha-a74-lafrancy,https://autohimiki.kz/product/eikosha-a74-lafrancy,"public_set:none; drafts/history_UNKNOWN"
РТ-00000296,"Eikosha A45 Choloete",https://autohimiki.kz/product/onec-5b388b74-a192-4afe-9be0-01c0c486ef28,onec-5b388b74-a192-4afe-9be0-01c0c486ef28,200,https://autohimiki.kz/product/onec-5b388b74-a192-4afe-9be0-01c0c486ef28,"public_self_canonical; stored_value_unknown","old_URL_200_no_redirect; history_DB_unknown","PROPOSED_ONLY; requires_authoritative_DB_dry_run",eikosha-a45-choloete,https://autohimiki.kz/product/eikosha-a45-choloete,"public_set:none; drafts/history_UNKNOWN"
РТ-00000299,"United Silver Arrow Engine Flush 0.5л",https://autohimiki.kz/product/onec-3f830867-4a6a-4d93-9219-de293f80e890,onec-3f830867-4a6a-4d93-9219-de293f80e890,200,https://autohimiki.kz/product/onec-3f830867-4a6a-4d93-9219-de293f80e890,"public_self_canonical; stored_value_unknown","old_URL_200_no_redirect; history_DB_unknown","PROPOSED_ONLY; requires_authoritative_DB_dry_run",united-silver-arrow-engine-flush-05l,https://autohimiki.kz/product/united-silver-arrow-engine-flush-05l,"public_set:none; drafts/history_UNKNOWN"
РТ-00000300,"Antirust lubricant (Антикоррозионная смазка)",https://autohimiki.kz/product/onec-42677599-4412-498b-b42a-3f2fe067d211,onec-42677599-4412-498b-b42a-3f2fe067d211,200,https://autohimiki.kz/product/onec-42677599-4412-498b-b42a-3f2fe067d211,"public_self_canonical; stored_value_unknown","old_URL_200_no_redirect; history_DB_unknown","PROPOSED_ONLY; requires_authoritative_DB_dry_run",antirust-lubricant-antikorrozionnaia-smazka,https://autohimiki.kz/product/antirust-lubricant-antikorrozionnaia-smazka,"public_set:none; drafts/history_UNKNOWN"
РТ-00000302,"MA-FRA Charme Nutrient Auto crema 150ml (Крем для кожи)",https://autohimiki.kz/product/onec-574b9fa8-a11a-4a01-9131-67ba9baab16e,onec-574b9fa8-a11a-4a01-9131-67ba9baab16e,200,https://autohimiki.kz/product/onec-574b9fa8-a11a-4a01-9131-67ba9baab16e,"public_self_canonical; stored_value_unknown","old_URL_200_no_redirect; history_DB_unknown","PROPOSED_ONLY; requires_authoritative_DB_dry_run",ma-fra-charme-nutrient-auto-crema-150ml-krem-dlia-kozi,https://autohimiki.kz/product/ma-fra-charme-nutrient-auto-crema-150ml-krem-dlia-kozi,"public_set:none; drafts/history_UNKNOWN"
РТ-00000308,"TURTLE WAX CM BRIGHT WHITE WAX ЗАЩИТНАЯ ПОЛИРОЛЬ ДЛЯ БЕЛОГО ЦВЕТА 500мл",https://autohimiki.kz/product/onec-83537657-2ba6-4341-97c2-d0eb039c2204,onec-83537657-2ba6-4341-97c2-d0eb039c2204,200,https://autohimiki.kz/product/onec-83537657-2ba6-4341-97c2-d0eb039c2204,"public_self_canonical; stored_value_unknown","old_URL_200_no_redirect; history_DB_unknown","PROPOSED_ONLY; requires_authoritative_DB_dry_run",turtle-wax-cm-bright-white-wax-zashhitnaia-polirol-dlia-belogo-cveta-500ml,https://autohimiki.kz/product/turtle-wax-cm-bright-white-wax-zashhitnaia-polirol-dlia-belogo-cveta-500ml,"public_set:none; drafts/history_UNKNOWN"
РТ-00000318,"Dr Marcus Lucky Top Cedar Wood",https://autohimiki.kz/product/onec-3efbbf96-4aa8-4d55-80f1-bbefb4467294,onec-3efbbf96-4aa8-4d55-80f1-bbefb4467294,200,https://autohimiki.kz/product/onec-3efbbf96-4aa8-4d55-80f1-bbefb4467294,"public_self_canonical; stored_value_unknown","old_URL_200_no_redirect; history_DB_unknown","PROPOSED_ONLY; requires_authoritative_DB_dry_run",dr-marcus-lucky-top-cedar-wood,https://autohimiki.kz/product/dr-marcus-lucky-top-cedar-wood,"public_set:none; drafts/history_UNKNOWN"
РТ-00000331,"Очиститель кондиционера Дезинфицирующий 210 мл.Ln1461",https://autohimiki.kz/product/onec-5fb2b659-3348-4c8d-84ed-05695f52c11e,onec-5fb2b659-3348-4c8d-84ed-05695f52c11e,200,https://autohimiki.kz/product/onec-5fb2b659-3348-4c8d-84ed-05695f52c11e,"public_self_canonical; stored_value_unknown","old_URL_200_no_redirect; history_DB_unknown","PROPOSED_ONLY; requires_authoritative_DB_dry_run",ocistitel-kondicionera-dezinficiruiushhii-210-mlln1461,https://autohimiki.kz/product/ocistitel-kondicionera-dezinficiruiushhii-210-mlln1461,"public_set:none; drafts/history_UNKNOWN"
РТ-00000334,"Чернитель шин с силиконом LAVR Tire shine conditioner with silicone 500мл Ln1475",https://autohimiki.kz/product/onec-5ecffbfb-cfad-4452-91ff-c9e05717aa7b,onec-5ecffbfb-cfad-4452-91ff-c9e05717aa7b,200,https://autohimiki.kz/product/onec-5ecffbfb-cfad-4452-91ff-c9e05717aa7b,"public_self_canonical; stored_value_unknown","old_URL_200_no_redirect; history_DB_unknown","PROPOSED_ONLY; requires_authoritative_DB_dry_run",cernitel-sin-s-silikonom-lavr-tire-shine-conditioner-with-silicone-500ml-ln1475,https://autohimiki.kz/product/cernitel-sin-s-silikonom-lavr-tire-shine-conditioner-with-silicone-500ml-ln1475,"public_set:none; drafts/history_UNKNOWN"
РТ-00000335,"Очиститель кондиционера дезинфицирующий (Цитрус) 210 мл. Ln1413",https://autohimiki.kz/product/onec-49672dc6-ce10-4165-8081-3ad5fcc48653,onec-49672dc6-ce10-4165-8081-3ad5fcc48653,200,https://autohimiki.kz/product/onec-49672dc6-ce10-4165-8081-3ad5fcc48653,"public_self_canonical; stored_value_unknown","old_URL_200_no_redirect; history_DB_unknown","PROPOSED_ONLY; requires_authoritative_DB_dry_run",ocistitel-kondicionera-dezinficiruiushhii-citrus-210-ml-ln1413,https://autohimiki.kz/product/ocistitel-kondicionera-dezinficiruiushhii-citrus-210-ml-ln1413,"public_set:none; drafts/history_UNKNOWN"
РТ-00000339,"Полироль для кузова POLISH CLEVER, 250gr",https://autohimiki.kz/product/onec-d631683c-0fb9-412d-86e9-9e2e09bc2478,onec-d631683c-0fb9-412d-86e9-9e2e09bc2478,200,https://autohimiki.kz/product/onec-d631683c-0fb9-412d-86e9-9e2e09bc2478,"public_self_canonical; stored_value_unknown","old_URL_200_no_redirect; history_DB_unknown","PROPOSED_ONLY; requires_authoritative_DB_dry_run",polirol-dlia-kuzova-polish-clever-250gr,https://autohimiki.kz/product/polirol-dlia-kuzova-polish-clever-250gr,"public_set:none; drafts/history_UNKNOWN"
РТ-00000358,"EIKOSHA A1 Citrus цитрус",https://autohimiki.kz/product/onec-e9450881-c462-4985-bdf3-f9cabd46c82b,onec-e9450881-c462-4985-bdf3-f9cabd46c82b,200,https://autohimiki.kz/product/onec-e9450881-c462-4985-bdf3-f9cabd46c82b,"public_self_canonical; stored_value_unknown","old_URL_200_no_redirect; history_DB_unknown","PROPOSED_ONLY; requires_authoritative_DB_dry_run",eikosha-a1-citrus-citrus,https://autohimiki.kz/product/eikosha-a1-citrus-citrus,"public_set:none; drafts/history_UNKNOWN"
РТ-00000359,"EIKOSHA A52 Lemon Squash",https://autohimiki.kz/product/onec-6ce6164f-0dc2-4ad3-a440-efd03eb1c054,onec-6ce6164f-0dc2-4ad3-a440-efd03eb1c054,200,https://autohimiki.kz/product/onec-6ce6164f-0dc2-4ad3-a440-efd03eb1c054,"public_self_canonical; stored_value_unknown","old_URL_200_no_redirect; history_DB_unknown","PROPOSED_ONLY; requires_authoritative_DB_dry_run",eikosha-a52-lemon-squash,https://autohimiki.kz/product/eikosha-a52-lemon-squash,"public_set:none; drafts/history_UNKNOWN"
РТ-00000360,"EIKOSHA A19 Marine Squash Морская свежесть",https://autohimiki.kz/product/onec-ecd9ea2a-3c91-4947-b936-0cc2a950c9b7,onec-ecd9ea2a-3c91-4947-b936-0cc2a950c9b7,200,https://autohimiki.kz/product/onec-ecd9ea2a-3c91-4947-b936-0cc2a950c9b7,"public_self_canonical; stored_value_unknown","old_URL_200_no_redirect; history_DB_unknown","PROPOSED_ONLY; requires_authoritative_DB_dry_run",eikosha-a19-marine-squash-morskaia-svezest,https://autohimiki.kz/product/eikosha-a19-marine-squash-morskaia-svezest,"public_set:none; drafts/history_UNKNOWN"
РТ-00000366,"ENGINE CLEAN Присадка в моторное масло 0,3_MOTUL_3811290000",https://autohimiki.kz/product/onec-e960659d-a6d2-4909-aa32-0b40ffc68af0,onec-e960659d-a6d2-4909-aa32-0b40ffc68af0,200,https://autohimiki.kz/product/onec-e960659d-a6d2-4909-aa32-0b40ffc68af0,"public_self_canonical; stored_value_unknown","old_URL_200_no_redirect; history_DB_unknown","PROPOSED_ONLY; requires_authoritative_DB_dry_run",engine-clean-prisadka-v-motornoe-maslo-03-motul-3811290000,https://autohimiki.kz/product/engine-clean-prisadka-v-motornoe-maslo-03-motul-3811290000,"public_set:none; drafts/history_UNKNOWN"
РТ-00000379,"Моющее средство для кузова автомобиля maniac NEUTRAL FOAM SHAMPOO 1000 ML",https://autohimiki.kz/product/onec-3d49d3c3-5d52-4955-bcbe-ac62f2b32723,onec-3d49d3c3-5d52-4955-bcbe-ac62f2b32723,200,https://autohimiki.kz/product/onec-3d49d3c3-5d52-4955-bcbe-ac62f2b32723,"public_self_canonical; stored_value_unknown","old_URL_200_no_redirect; history_DB_unknown","PROPOSED_ONLY; requires_authoritative_DB_dry_run",moiushhee-sredstvo-dlia-kuzova-avtomobilia-maniac-neutral-foam-shampoo-1000-ml,https://autohimiki.kz/product/moiushhee-sredstvo-dlia-kuzova-avtomobilia-maniac-neutral-foam-shampoo-1000-ml,"public_set:none; drafts/history_UNKNOWN"
РТ-00000382,"Моющее средство для кузова автомобиля maniac WATER SPOT MINERAL REMOVER 500 ML",https://autohimiki.kz/product/onec-96ac0736-16a1-4197-9eb1-8ae67345509f,onec-96ac0736-16a1-4197-9eb1-8ae67345509f,200,https://autohimiki.kz/product/onec-96ac0736-16a1-4197-9eb1-8ae67345509f,"public_self_canonical; stored_value_unknown","old_URL_200_no_redirect; history_DB_unknown","PROPOSED_ONLY; requires_authoritative_DB_dry_run",moiushhee-sredstvo-dlia-kuzova-avtomobilia-maniac-water-spot-mineral-remover-500-ml,https://autohimiki.kz/product/moiushhee-sredstvo-dlia-kuzova-avtomobilia-maniac-water-spot-mineral-remover-500-ml,"public_set:none; drafts/history_UNKNOWN"
РТ-00000386,"Deo-Cube Apple MAFRA (ароматизатор)",https://autohimiki.kz/product/onec-549f105e-d72d-4d83-acfd-de5654d27081,onec-549f105e-d72d-4d83-acfd-de5654d27081,200,https://autohimiki.kz/product/onec-549f105e-d72d-4d83-acfd-de5654d27081,"public_self_canonical; stored_value_unknown","old_URL_200_no_redirect; history_DB_unknown","PROPOSED_ONLY; requires_authoritative_DB_dry_run",deo-cube-apple-mafra-aromatizator,https://autohimiki.kz/product/deo-cube-apple-mafra-aromatizator,"public_set:none; drafts/history_UNKNOWN"
РТ-00000387,"Deo-Cube Forest MAFRA (ароматизатор)",https://autohimiki.kz/product/onec-0e3f5556-758d-486a-95d5-17420513294b,onec-0e3f5556-758d-486a-95d5-17420513294b,200,https://autohimiki.kz/product/onec-0e3f5556-758d-486a-95d5-17420513294b,"public_self_canonical; stored_value_unknown","old_URL_200_no_redirect; history_DB_unknown","PROPOSED_ONLY; requires_authoritative_DB_dry_run",deo-cube-forest-mafra-aromatizator,https://autohimiki.kz/product/deo-cube-forest-mafra-aromatizator,"public_set:none; drafts/history_UNKNOWN"
РТ-00000388,"Deo-cube Ocean MAFRA (ароматизатор)",https://autohimiki.kz/product/onec-ba74770c-3201-4c65-b142-8c459aaf11f4,onec-ba74770c-3201-4c65-b142-8c459aaf11f4,200,https://autohimiki.kz/product/onec-ba74770c-3201-4c65-b142-8c459aaf11f4,"public_self_canonical; stored_value_unknown","old_URL_200_no_redirect; history_DB_unknown","PROPOSED_ONLY; requires_authoritative_DB_dry_run",deo-cube-ocean-mafra-aromatizator,https://autohimiki.kz/product/deo-cube-ocean-mafra-aromatizator,"public_set:none; drafts/history_UNKNOWN"
РТ-00000389,"Ведро для мойки SECCHIO RINSE VUOTO + coperchio",https://autohimiki.kz/product/onec-196dee44-5e8e-497f-b29f-8709cde3e917,onec-196dee44-5e8e-497f-b29f-8709cde3e917,200,https://autohimiki.kz/product/onec-196dee44-5e8e-497f-b29f-8709cde3e917,"public_self_canonical; stored_value_unknown","old_URL_200_no_redirect; history_DB_unknown","PROPOSED_ONLY; requires_authoritative_DB_dry_run",vedro-dlia-moiki-secchio-rinse-vuoto-coperchio,https://autohimiki.kz/product/vedro-dlia-moiki-secchio-rinse-vuoto-coperchio,"public_set:none; drafts/history_UNKNOWN"
РТ-00000395,"LAVR Антисоктч 400 мл Ln1744",https://autohimiki.kz/product/onec-e4bb5da8-66fc-4a08-a5af-64423d78e590,onec-e4bb5da8-66fc-4a08-a5af-64423d78e590,200,https://autohimiki.kz/product/onec-e4bb5da8-66fc-4a08-a5af-64423d78e590,"public_self_canonical; stored_value_unknown","old_URL_200_no_redirect; history_DB_unknown","PROPOSED_ONLY; requires_authoritative_DB_dry_run",lavr-antisoktc-400-ml-ln1744,https://autohimiki.kz/product/lavr-antisoktc-400-ml-ln1744,"public_set:none; drafts/history_UNKNOWN"
РТ-00000402,"Чернитель шин LAVR Tire shine 650мл Ln1427",https://autohimiki.kz/product/onec-c5ad39ab-fbeb-4638-8dcd-b1499eaa1f6b,onec-c5ad39ab-fbeb-4638-8dcd-b1499eaa1f6b,200,https://autohimiki.kz/product/onec-c5ad39ab-fbeb-4638-8dcd-b1499eaa1f6b,"public_self_canonical; stored_value_unknown","old_URL_200_no_redirect; history_DB_unknown","PROPOSED_ONLY; requires_authoritative_DB_dry_run",cernitel-sin-lavr-tire-shine-650ml-ln1427,https://autohimiki.kz/product/cernitel-sin-lavr-tire-shine-650ml-ln1427,"public_set:none; drafts/history_UNKNOWN"
РТ-00000456,"HG7023 Герметик и тюнинг для гидроусилителя руля с содержанием СМТ.325мл",https://autohimiki.kz/product/onec-b8a3bc69-fab0-4184-a67e-1451c8b1f1d1,onec-b8a3bc69-fab0-4184-a67e-1451c8b1f1d1,200,https://autohimiki.kz/product/onec-b8a3bc69-fab0-4184-a67e-1451c8b1f1d1,"public_self_canonical; stored_value_unknown","old_URL_200_no_redirect; history_DB_unknown","PROPOSED_ONLY; requires_authoritative_DB_dry_run",hg7023-germetik-i-tiuning-dlia-gidrousilitelia-rulia-s-soderzaniem-smt325ml,https://autohimiki.kz/product/hg7023-germetik-i-tiuning-dlia-gidrousilitelia-rulia-s-soderzaniem-smt325ml,"public_set:none; drafts/history_UNKNOWN"
РТ-00000479,"Кисть Мафра Черная 16",https://autohimiki.kz/product/onec-592c03c5-c731-4cd1-8305-cc9b2a845f32,onec-592c03c5-c731-4cd1-8305-cc9b2a845f32,200,https://autohimiki.kz/product/onec-592c03c5-c731-4cd1-8305-cc9b2a845f32,"public_self_canonical; stored_value_unknown","old_URL_200_no_redirect; history_DB_unknown","PROPOSED_ONLY; requires_authoritative_DB_dry_run",kist-mafra-cernaia-16,https://autohimiki.kz/product/kist-mafra-cernaia-16,"public_set:none; drafts/history_UNKNOWN"
РТ-00000480,"Кисть Мафра Черная 18",https://autohimiki.kz/product/onec-d957ad3a-4a92-4644-9ecf-40c01cebcc99,onec-d957ad3a-4a92-4644-9ecf-40c01cebcc99,200,https://autohimiki.kz/product/onec-d957ad3a-4a92-4644-9ecf-40c01cebcc99,"public_self_canonical; stored_value_unknown","old_URL_200_no_redirect; history_DB_unknown","PROPOSED_ONLY; requires_authoritative_DB_dry_run",kist-mafra-cernaia-18,https://autohimiki.kz/product/kist-mafra-cernaia-18,"public_set:none; drafts/history_UNKNOWN"
РТ-00000481,"Кисть Мафра Белая 12",https://autohimiki.kz/product/onec-2b9f38b7-92ef-45da-8e74-1a9683578349,onec-2b9f38b7-92ef-45da-8e74-1a9683578349,200,https://autohimiki.kz/product/onec-2b9f38b7-92ef-45da-8e74-1a9683578349,"public_self_canonical; stored_value_unknown","old_URL_200_no_redirect; history_DB_unknown","PROPOSED_ONLY; requires_authoritative_DB_dry_run",kist-mafra-belaia-12,https://autohimiki.kz/product/kist-mafra-belaia-12,"public_set:none; drafts/history_UNKNOWN"
РТ-00000483,"Кисть Мафра Белая 18",https://autohimiki.kz/product/onec-982c8695-144f-4334-94dd-bed428ec229f,onec-982c8695-144f-4334-94dd-bed428ec229f,200,https://autohimiki.kz/product/onec-982c8695-144f-4334-94dd-bed428ec229f,"public_self_canonical; stored_value_unknown","old_URL_200_no_redirect; history_DB_unknown","PROPOSED_ONLY; requires_authoritative_DB_dry_run",kist-mafra-belaia-18,https://autohimiki.kz/product/kist-mafra-belaia-18,"public_set:none; drafts/history_UNKNOWN"
РТ-00000531,"EIKOSHA A9 Squash Свежесть 4970301590103",https://autohimiki.kz/product/onec-105b2d1b-d5a7-4fd9-ae41-68d5bd3eff85,onec-105b2d1b-d5a7-4fd9-ae41-68d5bd3eff85,200,https://autohimiki.kz/product/onec-105b2d1b-d5a7-4fd9-ae41-68d5bd3eff85,"public_self_canonical; stored_value_unknown","old_URL_200_no_redirect; history_DB_unknown","PROPOSED_ONLY; requires_authoritative_DB_dry_run",eikosha-a9-squash-svezest-4970301590103,https://autohimiki.kz/product/eikosha-a9-squash-svezest-4970301590103,"public_set:none; drafts/history_UNKNOWN"
РТ-00000543,"LN2405 Lavr реставратор-полироль пластика",https://autohimiki.kz/product/onec-fdabfe81-34b4-493f-ae09-5794f7350160,onec-fdabfe81-34b4-493f-ae09-5794f7350160,200,https://autohimiki.kz/product/onec-fdabfe81-34b4-493f-ae09-5794f7350160,"public_self_canonical; stored_value_unknown","old_URL_200_no_redirect; history_DB_unknown","PROPOSED_ONLY; requires_authoritative_DB_dry_run",ln2405-lavr-restavrator-polirol-plastika,https://autohimiki.kz/product/ln2405-lavr-restavrator-polirol-plastika,"public_set:none; drafts/history_UNKNOWN"
РТ-00000544,"LN2404 Lavr очиститель кожи",https://autohimiki.kz/product/onec-944d9987-522a-49ba-9399-3cb4edd4de6e,onec-944d9987-522a-49ba-9399-3cb4edd4de6e,200,https://autohimiki.kz/product/onec-944d9987-522a-49ba-9399-3cb4edd4de6e,"public_self_canonical; stored_value_unknown","old_URL_200_no_redirect; history_DB_unknown","PROPOSED_ONLY; requires_authoritative_DB_dry_run",ln2404-lavr-ocistitel-kozi,https://autohimiki.kz/product/ln2404-lavr-ocistitel-kozi,"public_set:none; drafts/history_UNKNOWN"
РТ-00000545,"LN2407 Lavr Кондиционер кожи",https://autohimiki.kz/product/onec-442cbb2e-b617-4910-948f-a19b40dbbfe2,onec-442cbb2e-b617-4910-948f-a19b40dbbfe2,200,https://autohimiki.kz/product/onec-442cbb2e-b617-4910-948f-a19b40dbbfe2,"public_self_canonical; stored_value_unknown","old_URL_200_no_redirect; history_DB_unknown","PROPOSED_ONLY; requires_authoritative_DB_dry_run",ln2407-lavr-kondicioner-kozi,https://autohimiki.kz/product/ln2407-lavr-kondicioner-kozi,"public_set:none; drafts/history_UNKNOWN"
РТ-00000581,"SPEED BENZIN ZUSATZ (1л) комплексная присадка в бензин",https://autohimiki.kz/product/onec-a4c27b63-dbb0-41ba-a89e-934c951d1692,onec-a4c27b63-dbb0-41ba-a89e-934c951d1692,200,https://autohimiki.kz/product/onec-a4c27b63-dbb0-41ba-a89e-934c951d1692,"public_self_canonical; stored_value_unknown","old_URL_200_no_redirect; history_DB_unknown","PROPOSED_ONLY; requires_authoritative_DB_dry_run",speed-benzin-zusatz-1l-kompleksnaia-prisadka-v-benzin,https://autohimiki.kz/product/speed-benzin-zusatz-1l-kompleksnaia-prisadka-v-benzin,"public_set:none; drafts/history_UNKNOWN"
РТ-00000594,"Очиститель стекол GLASS CLEAN e SHINE SPRAY 500ml",https://autohimiki.kz/product/onec-e8adf10f-5c38-4301-ac0e-676ad32154f3,onec-e8adf10f-5c38-4301-ac0e-676ad32154f3,200,https://autohimiki.kz/product/onec-e8adf10f-5c38-4301-ac0e-676ad32154f3,"public_self_canonical; stored_value_unknown","old_URL_200_no_redirect; history_DB_unknown","PROPOSED_ONLY; requires_authoritative_DB_dry_run",ocistitel-stekol-glass-clean-e-shine-spray-500ml,https://autohimiki.kz/product/ocistitel-stekol-glass-clean-e-shine-spray-500ml,"public_set:none; drafts/history_UNKNOWN"
РТ-00000595,"MA-FRA Charme Detergent Auto Schuima (для кожи) 150мл",https://autohimiki.kz/product/onec-206e5409-f909-47a8-8804-e384887e969d,onec-206e5409-f909-47a8-8804-e384887e969d,200,https://autohimiki.kz/product/onec-206e5409-f909-47a8-8804-e384887e969d,"public_self_canonical; stored_value_unknown","old_URL_200_no_redirect; history_DB_unknown","PROPOSED_ONLY; requires_authoritative_DB_dry_run",ma-fra-charme-detergent-auto-schuima-dlia-kozi-150ml,https://autohimiki.kz/product/ma-fra-charme-detergent-auto-schuima-dlia-kozi-150ml,"public_set:none; drafts/history_UNKNOWN"
РТ-00000600,"Faspoiler Spray 300ml (полироль для пластика)",https://autohimiki.kz/product/onec-8dafe1e5-b597-44ec-872a-c0a9f798236f,onec-8dafe1e5-b597-44ec-872a-c0a9f798236f,200,https://autohimiki.kz/product/onec-8dafe1e5-b597-44ec-872a-c0a9f798236f,"public_self_canonical; stored_value_unknown","old_URL_200_no_redirect; history_DB_unknown","PROPOSED_ONLY; requires_authoritative_DB_dry_run",faspoiler-spray-300ml-polirol-dlia-plastika,https://autohimiki.kz/product/faspoiler-spray-300ml-polirol-dlia-plastika,"public_set:none; drafts/history_UNKNOWN"
РТ-00000602,"Regenera KIT Carrozzena MA-FRA",https://autohimiki.kz/product/onec-542ff49d-b5cd-4abf-bd41-cc2bcf1a693c,onec-542ff49d-b5cd-4abf-bd41-cc2bcf1a693c,200,https://autohimiki.kz/product/onec-542ff49d-b5cd-4abf-bd41-cc2bcf1a693c,"public_self_canonical; stored_value_unknown","old_URL_200_no_redirect; history_DB_unknown","PROPOSED_ONLY; requires_authoritative_DB_dry_run",regenera-kit-carrozzena-ma-fra,https://autohimiki.kz/product/regenera-kit-carrozzena-ma-fra,"public_set:none; drafts/history_UNKNOWN"
РТ-00000605,"Carlux 250ml MA-FRA",https://autohimiki.kz/product/onec-909c52c1-d517-44f2-b2cd-c005126decc0,onec-909c52c1-d517-44f2-b2cd-c005126decc0,200,https://autohimiki.kz/product/onec-909c52c1-d517-44f2-b2cd-c005126decc0,"public_self_canonical; stored_value_unknown","old_URL_200_no_redirect; history_DB_unknown","PROPOSED_ONLY; requires_authoritative_DB_dry_run",carlux-250ml-ma-fra,https://autohimiki.kz/product/carlux-250ml-ma-fra,"public_set:none; drafts/history_UNKNOWN"
РТ-00000609,"TURTLE WAX LUXE LEATHER ОЧИСТИТЕЛЬ И КОНДИЦИОНЕР КОЖИ 500мл",https://autohimiki.kz/product/onec-12127233-4cbc-4390-9f5d-46d51427071f,onec-12127233-4cbc-4390-9f5d-46d51427071f,200,https://autohimiki.kz/product/onec-12127233-4cbc-4390-9f5d-46d51427071f,"public_self_canonical; stored_value_unknown","old_URL_200_no_redirect; history_DB_unknown","PROPOSED_ONLY; requires_authoritative_DB_dry_run",turtle-wax-luxe-leather-ocistitel-i-kondicioner-kozi-500ml,https://autohimiki.kz/product/turtle-wax-luxe-leather-ocistitel-i-kondicioner-kozi-500ml,"public_set:none; drafts/history_UNKNOWN"
РТ-00000610,"TURTLE WAX CM JET BLACK WAX ПОЛИРОВКА КУЗОВА ДЛЯ ЧЕРНЫХ АВТОМОБИЛЕЙ С ВОСКОМ 500МЛ",https://autohimiki.kz/product/onec-e1d8f7ff-63a4-44cf-bbc2-0c2ce2c5be5f,onec-e1d8f7ff-63a4-44cf-bbc2-0c2ce2c5be5f,200,https://autohimiki.kz/product/onec-e1d8f7ff-63a4-44cf-bbc2-0c2ce2c5be5f,"public_self_canonical; stored_value_unknown","old_URL_200_no_redirect; history_DB_unknown","PROPOSED_ONLY; requires_authoritative_DB_dry_run",turtle-wax-cm-jet-black-wax-polirovka-kuzova-dlia-cernyx-avtomobilei-s-voskom-500ml,https://autohimiki.kz/product/turtle-wax-cm-jet-black-wax-polirovka-kuzova-dlia-cernyx-avtomobilei-s-voskom-500ml,"public_set:none; drafts/history_UNKNOWN"
РТ-00000623,"EIKOSHA A106 MARINE BLUE SQUASH",https://autohimiki.kz/product/onec-3faa078b-2b0f-48eb-bdbf-421272389de5,onec-3faa078b-2b0f-48eb-bdbf-421272389de5,200,https://autohimiki.kz/product/onec-3faa078b-2b0f-48eb-bdbf-421272389de5,"public_self_canonical; stored_value_unknown","old_URL_200_no_redirect; history_DB_unknown","PROPOSED_ONLY; requires_authoritative_DB_dry_run",eikosha-a106-marine-blue-squash,https://autohimiki.kz/product/eikosha-a106-marine-blue-squash,"public_set:none; drafts/history_UNKNOWN"
РТ-00000642,"EIKOSHA A100 Joli Air Воздушная сладость 4970301591001",https://autohimiki.kz/product/onec-b0b5aed3-4b98-459d-9da4-33920cb41c99,onec-b0b5aed3-4b98-459d-9da4-33920cb41c99,200,https://autohimiki.kz/product/onec-b0b5aed3-4b98-459d-9da4-33920cb41c99,"public_self_canonical; stored_value_unknown","old_URL_200_no_redirect; history_DB_unknown","PROPOSED_ONLY; requires_authoritative_DB_dry_run",eikosha-a100-joli-air-vozdusnaia-sladost-4970301591001,https://autohimiki.kz/product/eikosha-a100-joli-air-vozdusnaia-sladost-4970301591001,"public_set:none; drafts/history_UNKNOWN"
РТ-00000672,"Dr.Marcus Lucky Top Blue 5901947074855",https://autohimiki.kz/product/onec-016555ac-c782-45f5-9f4a-23cd1aecca5a,onec-016555ac-c782-45f5-9f4a-23cd1aecca5a,200,https://autohimiki.kz/product/onec-016555ac-c782-45f5-9f4a-23cd1aecca5a,"public_self_canonical; stored_value_unknown","old_URL_200_no_redirect; history_DB_unknown","PROPOSED_ONLY; requires_authoritative_DB_dry_run",drmarcus-lucky-top-blue-5901947074855,https://autohimiki.kz/product/drmarcus-lucky-top-blue-5901947074855,"public_set:none; drafts/history_UNKNOWN"
РТ-00000763,"Scic Green Spray",https://autohimiki.kz/product/onec-e4fe94e0-4b60-4ce3-86f2-63d9a211f523,onec-e4fe94e0-4b60-4ce3-86f2-63d9a211f523,200,https://autohimiki.kz/product/onec-e4fe94e0-4b60-4ce3-86f2-63d9a211f523,"public_self_canonical; stored_value_unknown","old_URL_200_no_redirect; history_DB_unknown","PROPOSED_ONLY; requires_authoritative_DB_dry_run",scic-green-spray,https://autohimiki.kz/product/scic-green-spray,"public_set:none; drafts/history_UNKNOWN"
РТ-00000784,"DIAMANTPLAST DRESSING 750 мл Полироль для автомобиля",https://autohimiki.kz/product/onec-6ec6ecf7-35a0-4439-ba9f-6aa910ef4eaf,onec-6ec6ecf7-35a0-4439-ba9f-6aa910ef4eaf,200,https://autohimiki.kz/product/onec-6ec6ecf7-35a0-4439-ba9f-6aa910ef4eaf,"public_self_canonical; stored_value_unknown","old_URL_200_no_redirect; history_DB_unknown","PROPOSED_ONLY; requires_authoritative_DB_dry_run",diamantplast-dressing-750-ml-polirol-dlia-avtomobilia,https://autohimiki.kz/product/diamantplast-dressing-750-ml-polirol-dlia-avtomobilia,"public_set:none; drafts/history_UNKNOWN"
РТ-00000808,"2007B BARDAHL FULL METAL 12X400ML ПРИСАДКА КОМПЛЕКСНАЯ ДЛЯ УСТРАНЕНИЕ МИКРО-ТЕЧИ В ДВС А/М",https://autohimiki.kz/product/onec-970f7137-9ebc-4d04-a10b-8925fbaf148b,onec-970f7137-9ebc-4d04-a10b-8925fbaf148b,200,https://autohimiki.kz/product/onec-970f7137-9ebc-4d04-a10b-8925fbaf148b,"public_self_canonical; stored_value_unknown","old_URL_200_no_redirect; history_DB_unknown","PROPOSED_ONLY; requires_authoritative_DB_dry_run",2007b-bardahl-full-metal-12x400ml-prisadka-kompleksnaia-dlia-ustranenie-mikro-teci-v-dvs-am,https://autohimiki.kz/product/2007b-bardahl-full-metal-12x400ml-prisadka-kompleksnaia-dlia-ustranenie-mikro-teci-v-dvs-am,"public_set:none; drafts/history_UNKNOWN"
РТ-00000825,"EIKOSHA A28 Sazan Squash",https://autohimiki.kz/product/onec-2c54e370-afda-4760-a5ca-b773728f2cf1,onec-2c54e370-afda-4760-a5ca-b773728f2cf1,200,https://autohimiki.kz/product/onec-2c54e370-afda-4760-a5ca-b773728f2cf1,"public_self_canonical; stored_value_unknown","old_URL_200_no_redirect; history_DB_unknown","PROPOSED_ONLY; requires_authoritative_DB_dry_run",eikosha-a28-sazan-squash,https://autohimiki.kz/product/eikosha-a28-sazan-squash,"public_set:none; drafts/history_UNKNOWN"
РТ-00000826,"EIKOSHA A85 Blue Musk",https://autohimiki.kz/product/onec-7fa01d86-a21a-43c0-8b20-5afb2d54c690,onec-7fa01d86-a21a-43c0-8b20-5afb2d54c690,200,https://autohimiki.kz/product/onec-7fa01d86-a21a-43c0-8b20-5afb2d54c690,"public_self_canonical; stored_value_unknown","old_URL_200_no_redirect; history_DB_unknown","PROPOSED_ONLY; requires_authoritative_DB_dry_run",eikosha-a85-blue-musk,https://autohimiki.kz/product/eikosha-a85-blue-musk,"public_set:none; drafts/history_UNKNOWN"
РТ-00000832,"TURTLE WAX Clearvue Rain Repel обработка Антидождь 0,3л",https://autohimiki.kz/product/onec-377d5870-29b2-42b0-9706-05f8b7579446,onec-377d5870-29b2-42b0-9706-05f8b7579446,200,https://autohimiki.kz/product/onec-377d5870-29b2-42b0-9706-05f8b7579446,"public_self_canonical; stored_value_unknown","old_URL_200_no_redirect; history_DB_unknown","PROPOSED_ONLY; requires_authoritative_DB_dry_run",turtle-wax-clearvue-rain-repel-obrabotka-antidozd-03l,https://autohimiki.kz/product/turtle-wax-clearvue-rain-repel-obrabotka-antidozd-03l,"public_set:none; drafts/history_UNKNOWN"
РТ-00000895,"Foam Heroes Fresh Dash квик-детейлер для интерьера грушевый смузи, 500 МЛ",https://autohimiki.kz/product/onec-d1dd3b52-1420-407f-a509-8d8c767ea771,onec-d1dd3b52-1420-407f-a509-8d8c767ea771,200,https://autohimiki.kz/product/onec-d1dd3b52-1420-407f-a509-8d8c767ea771,"public_self_canonical; stored_value_unknown","old_URL_200_no_redirect; history_DB_unknown","PROPOSED_ONLY; requires_authoritative_DB_dry_run",foam-heroes-fresh-dash-kvik-deteiler-dlia-interera-grusevyi-smuzi-500-ml,https://autohimiki.kz/product/foam-heroes-fresh-dash-kvik-deteiler-dlia-interera-grusevyi-smuzi-500-ml,"public_set:none; drafts/history_UNKNOWN"
РТ-00000905,"Foam Heroes Clean Cabin слабощелочной состав для химчистки салона, 500 мл",https://autohimiki.kz/product/onec-7800c23c-f054-47d1-8329-dbf4f3b114a8,onec-7800c23c-f054-47d1-8329-dbf4f3b114a8,200,https://autohimiki.kz/product/onec-7800c23c-f054-47d1-8329-dbf4f3b114a8,"public_self_canonical; stored_value_unknown","old_URL_200_no_redirect; history_DB_unknown","PROPOSED_ONLY; requires_authoritative_DB_dry_run",foam-heroes-clean-cabin-slaboshhelocnoi-sostav-dlia-ximcistki-salona-500-ml,https://autohimiki.kz/product/foam-heroes-clean-cabin-slaboshhelocnoi-sostav-dlia-ximcistki-salona-500-ml,"public_set:none; drafts/history_UNKNOWN"
РТ-00000922,"Очиститель автомобильных дисков SPLENDORLEGA 500 ML",https://autohimiki.kz/product/onec-3181fa19-1064-44ef-921e-a111470bc22c,onec-3181fa19-1064-44ef-921e-a111470bc22c,200,https://autohimiki.kz/product/onec-3181fa19-1064-44ef-921e-a111470bc22c,"public_self_canonical; stored_value_unknown","old_URL_200_no_redirect; history_DB_unknown","PROPOSED_ONLY; requires_authoritative_DB_dry_run",ocistitel-avtomobilnyx-diskov-splendorlega-500-ml,https://autohimiki.kz/product/ocistitel-avtomobilnyx-diskov-splendorlega-500-ml,"public_set:none; drafts/history_UNKNOWN"
РТ-00000924,"EIKOSHA A42 Pink Shower",https://autohimiki.kz/product/onec-4452b3c7-ff81-4b98-8049-f825d31a2c92,onec-4452b3c7-ff81-4b98-8049-f825d31a2c92,200,https://autohimiki.kz/product/onec-4452b3c7-ff81-4b98-8049-f825d31a2c92,"public_self_canonical; stored_value_unknown","old_URL_200_no_redirect; history_DB_unknown","PROPOSED_ONLY; requires_authoritative_DB_dry_run",eikosha-a42-pink-shower,https://autohimiki.kz/product/eikosha-a42-pink-shower,"public_set:none; drafts/history_UNKNOWN"
РТ-00000945,"Micofiber Towels (Полотенце из микрофибр 30шт)",https://autohimiki.kz/product/onec-f360330e-3ed4-456c-81a9-486f92f37ded,onec-f360330e-3ed4-456c-81a9-486f92f37ded,200,https://autohimiki.kz/product/onec-f360330e-3ed4-456c-81a9-486f92f37ded,"public_self_canonical; stored_value_unknown","old_URL_200_no_redirect; history_DB_unknown","PROPOSED_ONLY; requires_authoritative_DB_dry_run",micofiber-towels-polotence-iz-mikrofibr-30st,https://autohimiki.kz/product/micofiber-towels-polotence-iz-mikrofibr-30st,"public_set:none; drafts/history_UNKNOWN"
РТ-00000946,"Deo-Cube Strawberry MAFRA (ароматизатор)",https://autohimiki.kz/product/onec-390c38c0-afde-4b5a-9742-b82f429b8248,onec-390c38c0-afde-4b5a-9742-b82f429b8248,200,https://autohimiki.kz/product/onec-390c38c0-afde-4b5a-9742-b82f429b8248,"public_self_canonical; stored_value_unknown","old_URL_200_no_redirect; history_DB_unknown","PROPOSED_ONLY; requires_authoritative_DB_dry_run",deo-cube-strawberry-mafra-aromatizator,https://autohimiki.kz/product/deo-cube-strawberry-mafra-aromatizator,"public_set:none; drafts/history_UNKNOWN"
РТ-00000948,"Deo-Cube Vanilla MAFRA (ароматизатор)",https://autohimiki.kz/product/onec-89b1fae1-cfdc-4293-8c00-4a1817cc1886,onec-89b1fae1-cfdc-4293-8c00-4a1817cc1886,200,https://autohimiki.kz/product/onec-89b1fae1-cfdc-4293-8c00-4a1817cc1886,"public_self_canonical; stored_value_unknown","old_URL_200_no_redirect; history_DB_unknown","PROPOSED_ONLY; requires_authoritative_DB_dry_run",deo-cube-vanilla-mafra-aromatizator,https://autohimiki.kz/product/deo-cube-vanilla-mafra-aromatizator,"public_set:none; drafts/history_UNKNOWN"
РТ-00001213,"SS809 Shine Systems LeatherCare Kit - набор для ухода за кожей",https://autohimiki.kz/product/onec-cb816705-c033-4362-9429-61a2a9605254,onec-cb816705-c033-4362-9429-61a2a9605254,200,https://autohimiki.kz/product/onec-cb816705-c033-4362-9429-61a2a9605254,"public_self_canonical; stored_value_unknown","old_URL_200_no_redirect; history_DB_unknown","PROPOSED_ONLY; requires_authoritative_DB_dry_run",ss809-shine-systems-leathercare-kit-nabor-dlia-uxoda-za-kozei,https://autohimiki.kz/product/ss809-shine-systems-leathercare-kit-nabor-dlia-uxoda-za-kozei,"public_set:none; drafts/history_UNKNOWN"
РТ-00001214,"SS833 Shine Systems LeatherCleaner - деликатный очиститель кожи",https://autohimiki.kz/product/onec-d3e7892c-ea09-43a5-89bf-af1e052183c3,onec-d3e7892c-ea09-43a5-89bf-af1e052183c3,200,https://autohimiki.kz/product/onec-d3e7892c-ea09-43a5-89bf-af1e052183c3,"public_self_canonical; stored_value_unknown","old_URL_200_no_redirect; history_DB_unknown","PROPOSED_ONLY; requires_authoritative_DB_dry_run",ss833-shine-systems-leathercleaner-delikatnyi-ocistitel-kozi,https://autohimiki.kz/product/ss833-shine-systems-leathercleaner-delikatnyi-ocistitel-kozi,"public_set:none; drafts/history_UNKNOWN"
РТ-00001215,"SS824 Shine Systems LeatherLotion - эспресс-лосьон для кожаных покрытий 750 мл",https://autohimiki.kz/product/onec-71781a6e-5459-4e98-a330-8b8fb64c166e,onec-71781a6e-5459-4e98-a330-8b8fb64c166e,200,https://autohimiki.kz/product/onec-71781a6e-5459-4e98-a330-8b8fb64c166e,"public_self_canonical; stored_value_unknown","old_URL_200_no_redirect; history_DB_unknown","PROPOSED_ONLY; requires_authoritative_DB_dry_run",ss824-shine-systems-leatherlotion-espress-losyon-dlia-kozanyx-pokrytii-750-ml,https://autohimiki.kz/product/ss824-shine-systems-leatherlotion-espress-losyon-dlia-kozanyx-pokrytii-750-ml,"public_set:none; drafts/history_UNKNOWN"
РТ-00001217,"SS764 Shine Systems WaterSpotOFF - очиститель водного камня 750 мл",https://autohimiki.kz/product/onec-efa4e824-7cb7-45d3-aab6-60a98348d225,onec-efa4e824-7cb7-45d3-aab6-60a98348d225,200,https://autohimiki.kz/product/onec-efa4e824-7cb7-45d3-aab6-60a98348d225,"public_self_canonical; stored_value_unknown","old_URL_200_no_redirect; history_DB_unknown","PROPOSED_ONLY; requires_authoritative_DB_dry_run",ss764-shine-systems-waterspotoff-ocistitel-vodnogo-kamnia-750-ml,https://autohimiki.kz/product/ss764-shine-systems-waterspotoff-ocistitel-vodnogo-kamnia-750-ml,"public_set:none; drafts/history_UNKNOWN"
РТ-00001281,"TW ODOR-X fogger kinetic устранитель запахов 100мл",https://autohimiki.kz/product/onec-e679ad85-dd79-4743-8317-683319c4cc5a,onec-e679ad85-dd79-4743-8317-683319c4cc5a,200,https://autohimiki.kz/product/onec-e679ad85-dd79-4743-8317-683319c4cc5a,"public_self_canonical; stored_value_unknown","old_URL_200_no_redirect; history_DB_unknown","PROPOSED_ONLY; requires_authoritative_DB_dry_run",tw-odor-x-fogger-kinetic-ustranitel-zapaxov-100ml,https://autohimiki.kz/product/tw-odor-x-fogger-kinetic-ustranitel-zapaxov-100ml,"public_set:none; drafts/history_UNKNOWN"
РТ-00001352,"Синтетическое моторное масло Amsoil Synthetic 5W30 SS Motor Oil (1G)",https://autohimiki.kz/product/onec-19b258ff-dee3-42e8-9588-0346c5356e23,onec-19b258ff-dee3-42e8-9588-0346c5356e23,200,https://autohimiki.kz/product/onec-19b258ff-dee3-42e8-9588-0346c5356e23,"public_self_canonical; stored_value_unknown","old_URL_200_no_redirect; history_DB_unknown","PROPOSED_ONLY; requires_authoritative_DB_dry_run",sinteticeskoe-motornoe-maslo-amsoil-synthetic-5w30-ss-motor-oil-1g,https://autohimiki.kz/product/sinteticeskoe-motornoe-maslo-amsoil-synthetic-5w30-ss-motor-oil-1g,"public_set:none; drafts/history_UNKNOWN"
РТ-00001353,"Синтетическое моторное масло Amsoil 5W-30 European Motor Oil LS (1Qt)",https://autohimiki.kz/product/onec-d118f11d-9766-4431-a866-83367b4e3dcb,onec-d118f11d-9766-4431-a866-83367b4e3dcb,200,https://autohimiki.kz/product/onec-d118f11d-9766-4431-a866-83367b4e3dcb,"public_self_canonical; stored_value_unknown","old_URL_200_no_redirect; history_DB_unknown","PROPOSED_ONLY; requires_authoritative_DB_dry_run",sinteticeskoe-motornoe-maslo-amsoil-5w-30-european-motor-oil-ls-1qt,https://autohimiki.kz/product/sinteticeskoe-motornoe-maslo-amsoil-5w-30-european-motor-oil-ls-1qt,"public_set:none; drafts/history_UNKNOWN"
РТ-00001354,"Синтетическое моторное масло Amsoil 5W-30 European Motor Oil LS (1G)",https://autohimiki.kz/product/onec-7934685e-402a-4af1-bccf-1ded59e360c2,onec-7934685e-402a-4af1-bccf-1ded59e360c2,200,https://autohimiki.kz/product/onec-7934685e-402a-4af1-bccf-1ded59e360c2,"public_self_canonical; stored_value_unknown","old_URL_200_no_redirect; history_DB_unknown","PROPOSED_ONLY; requires_authoritative_DB_dry_run",sinteticeskoe-motornoe-maslo-amsoil-5w-30-european-motor-oil-ls-1g,https://autohimiki.kz/product/sinteticeskoe-motornoe-maslo-amsoil-5w-30-european-motor-oil-ls-1g,"public_set:none; drafts/history_UNKNOWN"
РТ-00001355,"Синтетическое моторное масло Amsoil Synthetic 5W30 OE Motor Oil (1Qt)",https://autohimiki.kz/product/onec-fe9a5847-40ef-4d06-b7e5-e01118d62e47,onec-fe9a5847-40ef-4d06-b7e5-e01118d62e47,200,https://autohimiki.kz/product/onec-fe9a5847-40ef-4d06-b7e5-e01118d62e47,"public_self_canonical; stored_value_unknown","old_URL_200_no_redirect; history_DB_unknown","PROPOSED_ONLY; requires_authoritative_DB_dry_run",sinteticeskoe-motornoe-maslo-amsoil-synthetic-5w30-oe-motor-oil-1qt,https://autohimiki.kz/product/sinteticeskoe-motornoe-maslo-amsoil-synthetic-5w30-oe-motor-oil-1qt,"public_set:none; drafts/history_UNKNOWN"
РТ-00001356,"Синтетическое моторное масло Amsoil Synthetic 5W30 OE Motor Oil (1G)",https://autohimiki.kz/product/onec-6483b7c0-219e-4b06-a8c8-ddae5ec7016d,onec-6483b7c0-219e-4b06-a8c8-ddae5ec7016d,200,https://autohimiki.kz/product/onec-6483b7c0-219e-4b06-a8c8-ddae5ec7016d,"public_self_canonical; stored_value_unknown","old_URL_200_no_redirect; history_DB_unknown","PROPOSED_ONLY; requires_authoritative_DB_dry_run",sinteticeskoe-motornoe-maslo-amsoil-synthetic-5w30-oe-motor-oil-1g,https://autohimiki.kz/product/sinteticeskoe-motornoe-maslo-amsoil-synthetic-5w30-oe-motor-oil-1g,"public_set:none; drafts/history_UNKNOWN"
РТ-00001357,"Синтетическое масло для автоматических трансмиссий Amsoil Synthetic Fuel-Eff SS ATF (1Qt)",https://autohimiki.kz/product/onec-8eb3a613-3dd7-464a-8d38-2f131bd058fe,onec-8eb3a613-3dd7-464a-8d38-2f131bd058fe,200,https://autohimiki.kz/product/onec-8eb3a613-3dd7-464a-8d38-2f131bd058fe,"public_self_canonical; stored_value_unknown","old_URL_200_no_redirect; history_DB_unknown","PROPOSED_ONLY; requires_authoritative_DB_dry_run",sinteticeskoe-maslo-dlia-avtomaticeskix-transmissii-amsoil-synthetic-fuel-eff-ss-atf-1qt,https://autohimiki.kz/product/sinteticeskoe-maslo-dlia-avtomaticeskix-transmissii-amsoil-synthetic-fuel-eff-ss-atf-1qt,"public_set:none; drafts/history_UNKNOWN"
РТ-00001358,"Синтетическое масло для автоматических трансмиссий Amsoil Synthetic Fuel-Eff SS ATF (1G)",https://autohimiki.kz/product/onec-78a25901-673d-42ad-83aa-97bddb9535c7,onec-78a25901-673d-42ad-83aa-97bddb9535c7,200,https://autohimiki.kz/product/onec-78a25901-673d-42ad-83aa-97bddb9535c7,"public_self_canonical; stored_value_unknown","old_URL_200_no_redirect; history_DB_unknown","PROPOSED_ONLY; requires_authoritative_DB_dry_run",sinteticeskoe-maslo-dlia-avtomaticeskix-transmissii-amsoil-synthetic-fuel-eff-ss-atf-1g,https://autohimiki.kz/product/sinteticeskoe-maslo-dlia-avtomaticeskix-transmissii-amsoil-synthetic-fuel-eff-ss-atf-1g,"public_set:none; drafts/history_UNKNOWN"
РТ-00001359,"Присадка к охлаждающей жидкости Amsoil DOMINATOR Coolant Boost (16 On)",https://autohimiki.kz/product/onec-dfd01503-1ca7-4a76-bf07-4d6695cdd433,onec-dfd01503-1ca7-4a76-bf07-4d6695cdd433,200,https://autohimiki.kz/product/onec-dfd01503-1ca7-4a76-bf07-4d6695cdd433,"public_self_canonical; stored_value_unknown","old_URL_200_no_redirect; history_DB_unknown","PROPOSED_ONLY; requires_authoritative_DB_dry_run",prisadka-k-oxlazdaiushhei-zidkosti-amsoil-dominator-coolant-boost-16-on,https://autohimiki.kz/product/prisadka-k-oxlazdaiushhei-zidkosti-amsoil-dominator-coolant-boost-16-on,"public_set:none; drafts/history_UNKNOWN"
РТ-00001409,"Синтетическое моторное масло Amsoil Synthetic 0W20 SS Motor Oil (1G)",https://autohimiki.kz/product/onec-8f9b55ee-7c18-438d-823e-5d32874731d0,onec-8f9b55ee-7c18-438d-823e-5d32874731d0,200,https://autohimiki.kz/product/onec-8f9b55ee-7c18-438d-823e-5d32874731d0,"public_self_canonical; stored_value_unknown","old_URL_200_no_redirect; history_DB_unknown","PROPOSED_ONLY; requires_authoritative_DB_dry_run",sinteticeskoe-motornoe-maslo-amsoil-synthetic-0w20-ss-motor-oil-1g,https://autohimiki.kz/product/sinteticeskoe-motornoe-maslo-amsoil-synthetic-0w20-ss-motor-oil-1g,"public_set:none; drafts/history_UNKNOWN"
РТ-00001410,"Синтетическое моторное масло Amsoil Synthetic 0W30 SS Motor Oil (1G)",https://autohimiki.kz/product/onec-bf821a6c-b2b0-4116-ada9-4351c835f0f8,onec-bf821a6c-b2b0-4116-ada9-4351c835f0f8,200,https://autohimiki.kz/product/onec-bf821a6c-b2b0-4116-ada9-4351c835f0f8,"public_self_canonical; stored_value_unknown","old_URL_200_no_redirect; history_DB_unknown","PROPOSED_ONLY; requires_authoritative_DB_dry_run",sinteticeskoe-motornoe-maslo-amsoil-synthetic-0w30-ss-motor-oil-1g,https://autohimiki.kz/product/sinteticeskoe-motornoe-maslo-amsoil-synthetic-0w30-ss-motor-oil-1g,"public_set:none; drafts/history_UNKNOWN"
РТ-00001411,"Синтетическое моторное масло Amsoil Synthetic 5W20 OE Motor Oil (1G)",https://autohimiki.kz/product/onec-c064b45d-0d61-4467-9173-1c0ff7ffca61,onec-c064b45d-0d61-4467-9173-1c0ff7ffca61,200,https://autohimiki.kz/product/onec-c064b45d-0d61-4467-9173-1c0ff7ffca61,"public_self_canonical; stored_value_unknown","old_URL_200_no_redirect; history_DB_unknown","PROPOSED_ONLY; requires_authoritative_DB_dry_run",sinteticeskoe-motornoe-maslo-amsoil-synthetic-5w20-oe-motor-oil-1g,https://autohimiki.kz/product/sinteticeskoe-motornoe-maslo-amsoil-synthetic-5w20-oe-motor-oil-1g,"public_set:none; drafts/history_UNKNOWN"
РТ-00001412,"Синтетическое моторное масло Amsoil Synthetic 0W20 OE Motor Oil (1Qt)",https://autohimiki.kz/product/onec-980003d2-c07f-48f7-bbf6-0f2177044e45,onec-980003d2-c07f-48f7-bbf6-0f2177044e45,200,https://autohimiki.kz/product/onec-980003d2-c07f-48f7-bbf6-0f2177044e45,"public_self_canonical; stored_value_unknown","old_URL_200_no_redirect; history_DB_unknown","PROPOSED_ONLY; requires_authoritative_DB_dry_run",sinteticeskoe-motornoe-maslo-amsoil-synthetic-0w20-oe-motor-oil-1qt,https://autohimiki.kz/product/sinteticeskoe-motornoe-maslo-amsoil-synthetic-0w20-oe-motor-oil-1qt,"public_set:none; drafts/history_UNKNOWN"
РТ-00001413,"Синтетическое моторное масло Amsoil Synthetic 10W30 Racing Oil (1Qt)",https://autohimiki.kz/product/onec-d77fe0f0-4234-44c0-89c5-c86becb6d04f,onec-d77fe0f0-4234-44c0-89c5-c86becb6d04f,200,https://autohimiki.kz/product/onec-d77fe0f0-4234-44c0-89c5-c86becb6d04f,"public_self_canonical; stored_value_unknown","old_URL_200_no_redirect; history_DB_unknown","PROPOSED_ONLY; requires_authoritative_DB_dry_run",sinteticeskoe-motornoe-maslo-amsoil-synthetic-10w30-racing-oil-1qt,https://autohimiki.kz/product/sinteticeskoe-motornoe-maslo-amsoil-synthetic-10w30-racing-oil-1qt,"public_set:none; drafts/history_UNKNOWN"
РТ-00001484,"EIKOSHA ароматизатор меловой SPIRT REFIL - BRIGHT MUSK A101",https://autohimiki.kz/product/onec-b4b4a078-b0ab-4ef4-8c9d-605f1264f9ad,onec-b4b4a078-b0ab-4ef4-8c9d-605f1264f9ad,200,https://autohimiki.kz/product/onec-b4b4a078-b0ab-4ef4-8c9d-605f1264f9ad,"public_self_canonical; stored_value_unknown","old_URL_200_no_redirect; history_DB_unknown","PROPOSED_ONLY; requires_authoritative_DB_dry_run",eikosha-aromatizator-melovoi-spirt-refil-bright-musk-a101,https://autohimiki.kz/product/eikosha-aromatizator-melovoi-spirt-refil-bright-musk-a101,"public_set:none; drafts/history_UNKNOWN"
РТ-00001487,"Ароматизатор меловый SPIRIT REFILL-OSMANHUS",https://autohimiki.kz/product/onec-c61b35db-da77-4540-98de-a8b27d96672c,onec-c61b35db-da77-4540-98de-a8b27d96672c,200,https://autohimiki.kz/product/onec-c61b35db-da77-4540-98de-a8b27d96672c,"public_self_canonical; stored_value_unknown","old_URL_200_no_redirect; history_DB_unknown","PROPOSED_ONLY; requires_authoritative_DB_dry_run",aromatizator-melovyi-spirit-refill-osmanhus,https://autohimiki.kz/product/aromatizator-melovyi-spirit-refill-osmanhus,"public_set:none; drafts/history_UNKNOWN"
РТ-00001488,"Ароматизатор меловый SPIRIT REFILL-RELAX SHAMPOO",https://autohimiki.kz/product/onec-8ec14419-29ab-4387-beb2-9e32c94d38da,onec-8ec14419-29ab-4387-beb2-9e32c94d38da,200,https://autohimiki.kz/product/onec-8ec14419-29ab-4387-beb2-9e32c94d38da,"public_self_canonical; stored_value_unknown","old_URL_200_no_redirect; history_DB_unknown","PROPOSED_ONLY; requires_authoritative_DB_dry_run",aromatizator-melovyi-spirit-refill-relax-shampoo,https://autohimiki.kz/product/aromatizator-melovyi-spirit-refill-relax-shampoo,"public_set:none; drafts/history_UNKNOWN"
РТ-00001492,"LAVR Bi Bi Care Омыватель стекол Вишня концентрат 1;150, 250 мл (20 шт) ВB4055",https://autohimiki.kz/product/onec-6f61a1c0-473e-48c5-8dc5-835b0cd077d0,onec-6f61a1c0-473e-48c5-8dc5-835b0cd077d0,200,https://autohimiki.kz/product/onec-6f61a1c0-473e-48c5-8dc5-835b0cd077d0,"public_self_canonical; stored_value_unknown","old_URL_200_no_redirect; history_DB_unknown","PROPOSED_ONLY; requires_authoritative_DB_dry_run",lavr-bi-bi-care-omyvatel-stekol-visnia-koncentrat-1150-250-ml-20-st-vb4055,https://autohimiki.kz/product/lavr-bi-bi-care-omyvatel-stekol-visnia-koncentrat-1150-250-ml-20-st-vb4055,"public_set:none; drafts/history_UNKNOWN"
РТ-00001500,"Shine Systems AirLine TirePolish -чернение внешнего пластика и резины,400 мл",https://autohimiki.kz/product/onec-a3444a93-0868-4688-aff5-566b764d52b5,onec-a3444a93-0868-4688-aff5-566b764d52b5,200,https://autohimiki.kz/product/onec-a3444a93-0868-4688-aff5-566b764d52b5,"public_self_canonical; stored_value_unknown","old_URL_200_no_redirect; history_DB_unknown","PROPOSED_ONLY; requires_authoritative_DB_dry_run",shine-systems-airline-tirepolish-cernenie-vnesnego-plastika-i-reziny400-ml,https://autohimiki.kz/product/shine-systems-airline-tirepolish-cernenie-vnesnego-plastika-i-reziny400-ml,"public_set:none; drafts/history_UNKNOWN"
РТ-00001501,"Shine Systems Black Line TireEssence Gel-гелевое чернение шин, 400 мл",https://autohimiki.kz/product/onec-fbfea1af-8bc2-4fa0-ad14-cec5d5148b43,onec-fbfea1af-8bc2-4fa0-ad14-cec5d5148b43,200,https://autohimiki.kz/product/onec-fbfea1af-8bc2-4fa0-ad14-cec5d5148b43,"public_self_canonical; stored_value_unknown","old_URL_200_no_redirect; history_DB_unknown","PROPOSED_ONLY; requires_authoritative_DB_dry_run",shine-systems-black-line-tireessence-gel-gelevoe-cernenie-sin-400-ml,https://autohimiki.kz/product/shine-systems-black-line-tireessence-gel-gelevoe-cernenie-sin-400-ml,"public_set:none; drafts/history_UNKNOWN"
РТ-00001503,"TURTLE WAX SPEED HEADLIGHT LENSRESTORER ПОЛИРОЛЬ ДЛЯ ФАР",https://autohimiki.kz/product/onec-ad85bf83-049c-4488-9bc7-e86e69a50624,onec-ad85bf83-049c-4488-9bc7-e86e69a50624,200,https://autohimiki.kz/product/onec-ad85bf83-049c-4488-9bc7-e86e69a50624,"public_self_canonical; stored_value_unknown","old_URL_200_no_redirect; history_DB_unknown","PROPOSED_ONLY; requires_authoritative_DB_dry_run",turtle-wax-speed-headlight-lensrestorer-polirol-dlia-far,https://autohimiki.kz/product/turtle-wax-speed-headlight-lensrestorer-polirol-dlia-far,"public_set:none; drafts/history_UNKNOWN"
РТ-00001506,"MITSUJI Щётка для чернения шин",https://autohimiki.kz/product/onec-aa839307-d57e-4f60-8bf4-789577afcf15,onec-aa839307-d57e-4f60-8bf4-789577afcf15,200,https://autohimiki.kz/product/onec-aa839307-d57e-4f60-8bf4-789577afcf15,"public_self_canonical; stored_value_unknown","old_URL_200_no_redirect; history_DB_unknown","PROPOSED_ONLY; requires_authoritative_DB_dry_run",mitsuji-shhetka-dlia-cerneniia-sin,https://autohimiki.kz/product/mitsuji-shhetka-dlia-cerneniia-sin,"public_set:none; drafts/history_UNKNOWN"
РТ-00001507,"MITSUJI Полотенце одностороннее для сушки 60x60cм",https://autohimiki.kz/product/onec-ff0720d5-cf7b-485c-9998-768073c731a8,onec-ff0720d5-cf7b-485c-9998-768073c731a8,200,https://autohimiki.kz/product/onec-ff0720d5-cf7b-485c-9998-768073c731a8,"public_self_canonical; stored_value_unknown","old_URL_200_no_redirect; history_DB_unknown","PROPOSED_ONLY; requires_authoritative_DB_dry_run",mitsuji-polotence-odnostoronnee-dlia-suski-60x60cm,https://autohimiki.kz/product/mitsuji-polotence-odnostoronnee-dlia-suski-60x60cm,"public_set:none; drafts/history_UNKNOWN"
РТ-00001508,"MITSUJI Полотенце 2в1 двустороннее для сушки 40х60см",https://autohimiki.kz/product/onec-e2b003a3-d2b7-4edf-8a01-7ad8605ddca7,onec-e2b003a3-d2b7-4edf-8a01-7ad8605ddca7,200,https://autohimiki.kz/product/onec-e2b003a3-d2b7-4edf-8a01-7ad8605ddca7,"public_self_canonical; stored_value_unknown","old_URL_200_no_redirect; history_DB_unknown","PROPOSED_ONLY; requires_authoritative_DB_dry_run",mitsuji-polotence-2v1-dvustoronnee-dlia-suski-40x60sm,https://autohimiki.kz/product/mitsuji-polotence-2v1-dvustoronnee-dlia-suski-40x60sm,"public_set:none; drafts/history_UNKNOWN"
РТ-00001510,"MITSUJ Салфетка из микрофибры для стёкол40*40",https://autohimiki.kz/product/onec-09a276ed-ca15-4509-a6fa-c2867251680c,onec-09a276ed-ca15-4509-a6fa-c2867251680c,200,https://autohimiki.kz/product/onec-09a276ed-ca15-4509-a6fa-c2867251680c,"public_self_canonical; stored_value_unknown","old_URL_200_no_redirect; history_DB_unknown","PROPOSED_ONLY; requires_authoritative_DB_dry_run",mitsuj-salfetka-iz-mikrofibry-dlia-stekol4040,https://autohimiki.kz/product/mitsuj-salfetka-iz-mikrofibry-dlia-stekol4040,"public_set:none; drafts/history_UNKNOWN"
РТ-00001511,"MITSUJI Кисть для очистки салона",https://autohimiki.kz/product/onec-12f95d93-c940-47f0-b5d8-f876b7b393dc,onec-12f95d93-c940-47f0-b5d8-f876b7b393dc,200,https://autohimiki.kz/product/onec-12f95d93-c940-47f0-b5d8-f876b7b393dc,"public_self_canonical; stored_value_unknown","old_URL_200_no_redirect; history_DB_unknown","PROPOSED_ONLY; requires_authoritative_DB_dry_run",mitsuji-kist-dlia-ocistki-salona,https://autohimiki.kz/product/mitsuji-kist-dlia-ocistki-salona,"public_set:none; drafts/history_UNKNOWN"
РТ-00001514,"LAVR ОЧИСТИТЕЛЬ КОЛЕСНЫХ ДИСКОВ (500 МЛ, КОД ТН ВЭД: 3402500000)",https://autohimiki.kz/product/onec-4bf5fe7b-8fd9-40f7-9cb7-c1ea6f110e1c,onec-4bf5fe7b-8fd9-40f7-9cb7-c1ea6f110e1c,200,https://autohimiki.kz/product/onec-4bf5fe7b-8fd9-40f7-9cb7-c1ea6f110e1c,"public_self_canonical; stored_value_unknown","old_URL_200_no_redirect; history_DB_unknown","PROPOSED_ONLY; requires_authoritative_DB_dry_run",lavr-ocistitel-kolesnyx-diskov-500-ml-kod-tn-ved-3402500000,https://autohimiki.kz/product/lavr-ocistitel-kolesnyx-diskov-500-ml-kod-tn-ved-3402500000,"public_set:none; drafts/history_UNKNOWN"
РТ-00001515,"Держатель нескользящий NONSLIP HOLDER (для мелового ароматизатора SPIRIT REFILL)арт X.д",https://autohimiki.kz/product/onec-07a58f5d-d6d5-4819-aa8f-360593a9a43f,onec-07a58f5d-d6d5-4819-aa8f-360593a9a43f,200,https://autohimiki.kz/product/onec-07a58f5d-d6d5-4819-aa8f-360593a9a43f,"public_self_canonical; stored_value_unknown","old_URL_200_no_redirect; history_DB_unknown","PROPOSED_ONLY; requires_authoritative_DB_dry_run",derzatel-neskolziashhii-nonslip-holder-dlia-melovogo-aromatizatora-spirit-refillart-xd,https://autohimiki.kz/product/derzatel-neskolziashhii-nonslip-holder-dlia-melovogo-aromatizatora-spirit-refillart-xd,"public_set:none; drafts/history_UNKNOWN"
РТ-00001516,"Shine Systems FiberShampoo - шампунь для стирки микрофибры, 750 мл",https://autohimiki.kz/product/onec-848c87ee-7307-4022-a8cc-c4e360b3898b,onec-848c87ee-7307-4022-a8cc-c4e360b3898b,200,https://autohimiki.kz/product/onec-848c87ee-7307-4022-a8cc-c4e360b3898b,"public_self_canonical; stored_value_unknown","old_URL_200_no_redirect; history_DB_unknown","PROPOSED_ONLY; requires_authoritative_DB_dry_run",shine-systems-fibershampoo-sampun-dlia-stirki-mikrofibry-750-ml,https://autohimiki.kz/product/shine-systems-fibershampoo-sampun-dlia-stirki-mikrofibry-750-ml,"public_set:none; drafts/history_UNKNOWN"
РТ-00001517,"Очиститель двигателя ""VIRline 500 мл",https://autohimiki.kz/product/onec-e9f3c766-e1d3-4857-bf61-47b8fb58c55d,onec-e9f3c766-e1d3-4857-bf61-47b8fb58c55d,200,https://autohimiki.kz/product/onec-e9f3c766-e1d3-4857-bf61-47b8fb58c55d,"public_self_canonical; stored_value_unknown","old_URL_200_no_redirect; history_DB_unknown","PROPOSED_ONLY; requires_authoritative_DB_dry_run",ocistitel-dvigatelia-virline-500-ml,https://autohimiki.kz/product/ocistitel-dvigatelia-virline-500-ml,"public_set:none; drafts/history_UNKNOWN"
РТ-00001518,"Очиститель-кондиционер кожи ""VIRline"" (500мл)",https://autohimiki.kz/product/onec-dd0a7721-ea77-42bb-989f-dd70d6b05c60,onec-dd0a7721-ea77-42bb-989f-dd70d6b05c60,200,https://autohimiki.kz/product/onec-dd0a7721-ea77-42bb-989f-dd70d6b05c60,"public_self_canonical; stored_value_unknown","old_URL_200_no_redirect; history_DB_unknown","PROPOSED_ONLY; requires_authoritative_DB_dry_run",ocistitel-kondicioner-kozi-virline-500ml,https://autohimiki.kz/product/ocistitel-kondicioner-kozi-virline-500ml,"public_set:none; drafts/history_UNKNOWN"
РТ-00001519,"Универсальный очиститель ""VIRline"" 500 мл",https://autohimiki.kz/product/onec-1f824f16-e1ef-47d2-a31d-b9ca2a29df63,onec-1f824f16-e1ef-47d2-a31d-b9ca2a29df63,200,https://autohimiki.kz/product/onec-1f824f16-e1ef-47d2-a31d-b9ca2a29df63,"public_self_canonical; stored_value_unknown","old_URL_200_no_redirect; history_DB_unknown","PROPOSED_ONLY; requires_authoritative_DB_dry_run",universalnyi-ocistitel-virline-500-ml,https://autohimiki.kz/product/universalnyi-ocistitel-virline-500-ml,"public_set:none; drafts/history_UNKNOWN"
РТ-00001520,"Чистящее средство для стекол и зеркал VIRline, 500мл",https://autohimiki.kz/product/onec-a1b1d5a3-702b-40c2-9bfe-31c7f0a927fd,onec-a1b1d5a3-702b-40c2-9bfe-31c7f0a927fd,200,https://autohimiki.kz/product/onec-a1b1d5a3-702b-40c2-9bfe-31c7f0a927fd,"public_self_canonical; stored_value_unknown","old_URL_200_no_redirect; history_DB_unknown","PROPOSED_ONLY; requires_authoritative_DB_dry_run",cistiashhee-sredstvo-dlia-stekol-i-zerkal-virline-500ml,https://autohimiki.kz/product/cistiashhee-sredstvo-dlia-stekol-i-zerkal-virline-500ml,"public_set:none; drafts/history_UNKNOWN"
РТ-00001521,"Полироль для пластиковых поверхностей ""VIRline"" (500мл)",https://autohimiki.kz/product/onec-259cf413-abc8-464f-9728-6173767a4b4d,onec-259cf413-abc8-464f-9728-6173767a4b4d,200,https://autohimiki.kz/product/onec-259cf413-abc8-464f-9728-6173767a4b4d,"public_self_canonical; stored_value_unknown","old_URL_200_no_redirect; history_DB_unknown","PROPOSED_ONLY; requires_authoritative_DB_dry_run",polirol-dlia-plastikovyx-poverxnostei-virline-500ml,https://autohimiki.kz/product/polirol-dlia-plastikovyx-poverxnostei-virline-500ml,"public_set:none; drafts/history_UNKNOWN"
РТ-00001522,"Полироль чернитель шин ""VIRline"" 500мл",https://autohimiki.kz/product/onec-f07278c4-85a1-4aba-9d8e-962afc648d53,onec-f07278c4-85a1-4aba-9d8e-962afc648d53,200,https://autohimiki.kz/product/onec-f07278c4-85a1-4aba-9d8e-962afc648d53,"public_self_canonical; stored_value_unknown","old_URL_200_no_redirect; history_DB_unknown","PROPOSED_ONLY; requires_authoritative_DB_dry_run",polirol-cernitel-sin-virline-500ml,https://autohimiki.kz/product/polirol-cernitel-sin-virline-500ml,"public_set:none; drafts/history_UNKNOWN"
РТ-00001523,"Shine Systems Tire&Wheel Cleaner очиститель резины и колес, 900мл",https://autohimiki.kz/product/onec-74386c45-bd04-4006-971a-896b61426c95,onec-74386c45-bd04-4006-971a-896b61426c95,200,https://autohimiki.kz/product/onec-74386c45-bd04-4006-971a-896b61426c95,"public_self_canonical; stored_value_unknown","old_URL_200_no_redirect; history_DB_unknown","PROPOSED_ONLY; requires_authoritative_DB_dry_run",shine-systems-tirewheel-cleaner-ocistitel-reziny-i-koles-900ml,https://autohimiki.kz/product/shine-systems-tirewheel-cleaner-ocistitel-reziny-i-koles-900ml,"public_set:none; drafts/history_UNKNOWN"
РТ-00001524,"Shine Systems Buffing Towel микрофибра для располировки составов 40/40 см",https://autohimiki.kz/product/onec-00bd88b2-3667-4cc9-a6d1-7a3ea771df49,onec-00bd88b2-3667-4cc9-a6d1-7a3ea771df49,200,https://autohimiki.kz/product/onec-00bd88b2-3667-4cc9-a6d1-7a3ea771df49,"public_self_canonical; stored_value_unknown","old_URL_200_no_redirect; history_DB_unknown","PROPOSED_ONLY; requires_authoritative_DB_dry_run",shine-systems-buffing-towel-mikrofibra-dlia-raspolirovki-sostavov-4040-sm,https://autohimiki.kz/product/shine-systems-buffing-towel-mikrofibra-dlia-raspolirovki-sostavov-4040-sm,"public_set:none; drafts/history_UNKNOWN"
РТ-00001525,"Shine Systems Detailing Brush №10 - деликатная кисть для детейлинга средняя",https://autohimiki.kz/product/onec-da4a9064-f187-444e-8e68-6b3bba3a6c46,onec-da4a9064-f187-444e-8e68-6b3bba3a6c46,200,https://autohimiki.kz/product/onec-da4a9064-f187-444e-8e68-6b3bba3a6c46,"public_self_canonical; stored_value_unknown","old_URL_200_no_redirect; history_DB_unknown","PROPOSED_ONLY; requires_authoritative_DB_dry_run",shine-systems-detailing-brush-10-delikatnaia-kist-dlia-deteilinga-sredniaia,https://autohimiki.kz/product/shine-systems-detailing-brush-10-delikatnaia-kist-dlia-deteilinga-sredniaia,"public_set:none; drafts/history_UNKNOWN"
РТ-00001526,"Shine Systems Detailing Brush №18 - деликатная кисть для детейлинга большая",https://autohimiki.kz/product/onec-bf5b3b46-8a11-447b-ba86-681e1bbb0324,onec-bf5b3b46-8a11-447b-ba86-681e1bbb0324,200,https://autohimiki.kz/product/onec-bf5b3b46-8a11-447b-ba86-681e1bbb0324,"public_self_canonical; stored_value_unknown","old_URL_200_no_redirect; history_DB_unknown","PROPOSED_ONLY; requires_authoritative_DB_dry_run",shine-systems-detailing-brush-18-delikatnaia-kist-dlia-deteilinga-bolsaia,https://autohimiki.kz/product/shine-systems-detailing-brush-18-delikatnaia-kist-dlia-deteilinga-bolsaia,"public_set:none; drafts/history_UNKNOWN"
РТ-00001527,"Shine Systems Interior Brush Щетка для чистки интерьера",https://autohimiki.kz/product/onec-5caa7167-de15-40ce-a5db-b3324aa4e9de,onec-5caa7167-de15-40ce-a5db-b3324aa4e9de,200,https://autohimiki.kz/product/onec-5caa7167-de15-40ce-a5db-b3324aa4e9de,"public_self_canonical; stored_value_unknown","old_URL_200_no_redirect; history_DB_unknown","PROPOSED_ONLY; requires_authoritative_DB_dry_run",shine-systems-interior-brush-shhetka-dlia-cistki-interera,https://autohimiki.kz/product/shine-systems-interior-brush-shhetka-dlia-cistki-interera,"public_set:none; drafts/history_UNKNOWN"
РТ-00001528,"Lavr очиститель от битумных пятен LN1403",https://autohimiki.kz/product/onec-55079788-36fd-4cdc-825c-f2b2f50f6b87,onec-55079788-36fd-4cdc-825c-f2b2f50f6b87,200,https://autohimiki.kz/product/onec-55079788-36fd-4cdc-825c-f2b2f50f6b87,"public_self_canonical; stored_value_unknown","old_URL_200_no_redirect; history_DB_unknown","PROPOSED_ONLY; requires_authoritative_DB_dry_run",lavr-ocistitel-ot-bitumnyx-piaten-ln1403,https://autohimiki.kz/product/lavr-ocistitel-ot-bitumnyx-piaten-ln1403,"public_set:none; drafts/history_UNKNOWN"
РТ-00001529,"LAVR Клей токопроводящий 2мл LN3734",https://autohimiki.kz/product/onec-9d6a8751-8159-4e75-9660-4ee08e9f26aa,onec-9d6a8751-8159-4e75-9660-4ee08e9f26aa,200,https://autohimiki.kz/product/onec-9d6a8751-8159-4e75-9660-4ee08e9f26aa,"public_self_canonical; stored_value_unknown","old_URL_200_no_redirect; history_DB_unknown","PROPOSED_ONLY; requires_authoritative_DB_dry_run",lavr-klei-tokoprovodiashhii-2ml-ln3734,https://autohimiki.kz/product/lavr-klei-tokoprovodiashhii-2ml-ln3734,"public_set:none; drafts/history_UNKNOWN"
